name,group,dietary,contact,id_card,photo
Mony Vy,Press,none,guest1@example.com,100000137,https://i.pravatar.cc/150?u=g1
Thida Chea,Guests,gluten-free,guest2@example.com,100000274,https://i.pravatar.cc/150?u=g2
Chenda Chhim,Organizing Committee,vegetarian,guest3@example.com,100000411,https://i.pravatar.cc/150?u=g3
Piseth Lim,Sponsors,none,guest4@example.com,100000548,https://i.pravatar.cc/150?u=g4
Narith Sok,Volunteers,vegan,guest5@example.com,100000685,https://i.pravatar.cc/150?u=g5
Rithy Ouk,Staff,halal,guest6@example.com,100000822,https://i.pravatar.cc/150?u=g6
Theary Meas,Speakers,none,guest7@example.com,100000959,https://i.pravatar.cc/150?u=g7
Sreyleak Sam,VIP,none,guest8@example.com,100001096,https://i.pravatar.cc/150?u=g8
Sophea Rin,Press,gluten-free,guest9@example.com,100001233,https://i.pravatar.cc/150?u=g9
Veasna Ung,Guests,vegetarian,guest10@example.com,100001370,https://i.pravatar.cc/150?u=g10
Dara Long,Organizing Committee,none,guest11@example.com,100001507,https://i.pravatar.cc/150?u=g11
Kosal Yin,Sponsors,vegan,guest12@example.com,100001644,https://i.pravatar.cc/150?u=g12
Chanthou Heng,Volunteers,halal,guest13@example.com,100001781,https://i.pravatar.cc/150?u=g13
Sokha Keo,Staff,none,guest14@example.com,100001918,https://i.pravatar.cc/150?u=g14
Bopha Nou,Speakers,none,guest15@example.com,100002055,https://i.pravatar.cc/150?u=g15
Sothea Chan,VIP,gluten-free,guest16@example.com,100002192,https://i.pravatar.cc/150?u=g16
Nita Pen,Press,vegetarian,guest17@example.com,100002329,https://i.pravatar.cc/150?u=g17
Chan Kim,Guests,none,guest18@example.com,100002466,https://i.pravatar.cc/150?u=g18
Ravy Tep,Organizing Committee,vegan,guest19@example.com,100002603,https://i.pravatar.cc/150?u=g19
Vibol Prak,Sponsors,halal,guest20@example.com,100002740,https://i.pravatar.cc/150?u=g20
Mony Vy,Volunteers,none,guest21@example.com,100002877,https://i.pravatar.cc/150?u=g21
Thida Chea,Staff,none,guest22@example.com,100003014,https://i.pravatar.cc/150?u=g22
Chenda Chhim,Speakers,gluten-free,guest23@example.com,100003151,https://i.pravatar.cc/150?u=g23
Piseth Lim,VIP,vegetarian,guest24@example.com,100003288,https://i.pravatar.cc/150?u=g24
Narith Sok,Press,none,guest25@example.com,100003425,https://i.pravatar.cc/150?u=g25
Rithy Ouk,Guests,vegan,guest26@example.com,100003562,https://i.pravatar.cc/150?u=g26
Theary Meas,Organizing Committee,halal,guest27@example.com,100003699,https://i.pravatar.cc/150?u=g27
Sreyleak Sam,Sponsors,none,guest28@example.com,100003836,https://i.pravatar.cc/150?u=g28
Sophea Rin,Volunteers,none,guest29@example.com,100003973,https://i.pravatar.cc/150?u=g29
Veasna Ung,Staff,gluten-free,guest30@example.com,100004110,https://i.pravatar.cc/150?u=g30
Dara Long,Speakers,vegetarian,guest31@example.com,100004247,https://i.pravatar.cc/150?u=g31
Kosal Yin,VIP,none,guest32@example.com,100004384,https://i.pravatar.cc/150?u=g32
Chanthou Heng,Press,vegan,guest33@example.com,100004521,https://i.pravatar.cc/150?u=g33
Sokha Keo,Guests,halal,guest34@example.com,100004658,https://i.pravatar.cc/150?u=g34
Bopha Nou,Organizing Committee,none,guest35@example.com,100004795,https://i.pravatar.cc/150?u=g35
Sothea Chan,Sponsors,none,guest36@example.com,100004932,https://i.pravatar.cc/150?u=g36
Nita Pen,Volunteers,gluten-free,guest37@example.com,100005069,https://i.pravatar.cc/150?u=g37
Chan Kim,Staff,vegetarian,guest38@example.com,100005206,https://i.pravatar.cc/150?u=g38
Ravy Tep,Speakers,none,guest39@example.com,100005343,https://i.pravatar.cc/150?u=g39
Vibol Prak,VIP,vegan,guest40@example.com,100005480,https://i.pravatar.cc/150?u=g40
Mony Vy,Press,halal,guest41@example.com,100005617,https://i.pravatar.cc/150?u=g41
Thida Chea,Guests,none,guest42@example.com,100005754,https://i.pravatar.cc/150?u=g42
Chenda Chhim,Organizing Committee,none,guest43@example.com,100005891,https://i.pravatar.cc/150?u=g43
Piseth Lim,Sponsors,gluten-free,guest44@example.com,100006028,https://i.pravatar.cc/150?u=g44
Narith Sok,Volunteers,vegetarian,guest45@example.com,100006165,https://i.pravatar.cc/150?u=g45
Rithy Ouk,Staff,none,guest46@example.com,100006302,https://i.pravatar.cc/150?u=g46
Theary Meas,Speakers,vegan,guest47@example.com,100006439,https://i.pravatar.cc/150?u=g47
Sreyleak Sam,VIP,halal,guest48@example.com,100006576,https://i.pravatar.cc/150?u=g48
Sophea Rin,Press,none,guest49@example.com,100006713,https://i.pravatar.cc/150?u=g49
Veasna Ung,Guests,none,guest50@example.com,100006850,https://i.pravatar.cc/150?u=g50
Dara Long,Organizing Committee,gluten-free,guest51@example.com,100006987,https://i.pravatar.cc/150?u=g51
Kosal Yin,Sponsors,vegetarian,guest52@example.com,100007124,https://i.pravatar.cc/150?u=g52
Chanthou Heng,Volunteers,none,guest53@example.com,100007261,https://i.pravatar.cc/150?u=g53
Sokha Keo,Staff,vegan,guest54@example.com,100007398,https://i.pravatar.cc/150?u=g54
Bopha Nou,Speakers,halal,guest55@example.com,100007535,https://i.pravatar.cc/150?u=g55
Sothea Chan,VIP,none,guest56@example.com,100007672,https://i.pravatar.cc/150?u=g56
Nita Pen,Press,none,guest57@example.com,100007809,https://i.pravatar.cc/150?u=g57
Chan Kim,Guests,gluten-free,guest58@example.com,100007946,https://i.pravatar.cc/150?u=g58
Ravy Tep,Organizing Committee,vegetarian,guest59@example.com,100008083,https://i.pravatar.cc/150?u=g59
Vibol Prak,Sponsors,none,guest60@example.com,100008220,https://i.pravatar.cc/150?u=g60
Mony Vy,Volunteers,vegan,guest61@example.com,100008357,https://i.pravatar.cc/150?u=g61
Thida Chea,Staff,halal,guest62@example.com,100008494,https://i.pravatar.cc/150?u=g62
Chenda Chhim,Speakers,none,guest63@example.com,100008631,https://i.pravatar.cc/150?u=g63
Piseth Lim,VIP,none,guest64@example.com,100008768,https://i.pravatar.cc/150?u=g64
Narith Sok,Press,gluten-free,guest65@example.com,100008905,https://i.pravatar.cc/150?u=g65
Rithy Ouk,Guests,vegetarian,guest66@example.com,100009042,https://i.pravatar.cc/150?u=g66
Theary Meas,Organizing Committee,none,guest67@example.com,100009179,https://i.pravatar.cc/150?u=g67
Sreyleak Sam,Sponsors,vegan,guest68@example.com,100009316,https://i.pravatar.cc/150?u=g68
Sophea Rin,Volunteers,halal,guest69@example.com,100009453,https://i.pravatar.cc/150?u=g69
Veasna Ung,Staff,none,guest70@example.com,100009590,https://i.pravatar.cc/150?u=g70
Dara Long,Speakers,none,guest71@example.com,100009727,https://i.pravatar.cc/150?u=g71
Kosal Yin,VIP,gluten-free,guest72@example.com,100009864,https://i.pravatar.cc/150?u=g72
Chanthou Heng,Press,vegetarian,guest73@example.com,100010001,https://i.pravatar.cc/150?u=g73
Sokha Keo,Guests,none,guest74@example.com,100010138,https://i.pravatar.cc/150?u=g74
Bopha Nou,Organizing Committee,vegan,guest75@example.com,100010275,https://i.pravatar.cc/150?u=g75
Sothea Chan,Sponsors,halal,guest76@example.com,100010412,https://i.pravatar.cc/150?u=g76
Nita Pen,Volunteers,none,guest77@example.com,100010549,https://i.pravatar.cc/150?u=g77
Chan Kim,Staff,none,guest78@example.com,100010686,https://i.pravatar.cc/150?u=g78
Ravy Tep,Speakers,gluten-free,guest79@example.com,100010823,https://i.pravatar.cc/150?u=g79
Vibol Prak,VIP,vegetarian,guest80@example.com,100010960,https://i.pravatar.cc/150?u=g80
Mony Vy,Press,none,guest81@example.com,100011097,https://i.pravatar.cc/150?u=g81
Thida Chea,Guests,vegan,guest82@example.com,100011234,https://i.pravatar.cc/150?u=g82
Chenda Chhim,Organizing Committee,halal,guest83@example.com,100011371,https://i.pravatar.cc/150?u=g83
Piseth Lim,Sponsors,none,guest84@example.com,100011508,https://i.pravatar.cc/150?u=g84
Narith Sok,Volunteers,none,guest85@example.com,100011645,https://i.pravatar.cc/150?u=g85
Rithy Ouk,Staff,gluten-free,guest86@example.com,100011782,https://i.pravatar.cc/150?u=g86
Theary Meas,Speakers,vegetarian,guest87@example.com,100011919,https://i.pravatar.cc/150?u=g87
Sreyleak Sam,VIP,none,guest88@example.com,100012056,https://i.pravatar.cc/150?u=g88
Sophea Rin,Press,vegan,guest89@example.com,100012193,https://i.pravatar.cc/150?u=g89
Veasna Ung,Guests,halal,guest90@example.com,100012330,https://i.pravatar.cc/150?u=g90
Dara Long,Organizing Committee,none,guest91@example.com,100012467,https://i.pravatar.cc/150?u=g91
Kosal Yin,Sponsors,none,guest92@example.com,100012604,https://i.pravatar.cc/150?u=g92
Chanthou Heng,Volunteers,gluten-free,guest93@example.com,100012741,https://i.pravatar.cc/150?u=g93
Sokha Keo,Staff,vegetarian,guest94@example.com,100012878,https://i.pravatar.cc/150?u=g94
Bopha Nou,Speakers,none,guest95@example.com,100013015,https://i.pravatar.cc/150?u=g95
Sothea Chan,VIP,vegan,guest96@example.com,100013152,https://i.pravatar.cc/150?u=g96
Nita Pen,Press,halal,guest97@example.com,100013289,https://i.pravatar.cc/150?u=g97
Chan Kim,Guests,none,guest98@example.com,100013426,https://i.pravatar.cc/150?u=g98
Ravy Tep,Organizing Committee,none,guest99@example.com,100013563,https://i.pravatar.cc/150?u=g99
Vibol Prak,Sponsors,gluten-free,guest100@example.com,100013700,https://i.pravatar.cc/150?u=g100
Mony Vy,Volunteers,vegetarian,guest101@example.com,100013837,https://i.pravatar.cc/150?u=g101
Thida Chea,Staff,none,guest102@example.com,100013974,https://i.pravatar.cc/150?u=g102
Chenda Chhim,Speakers,vegan,guest103@example.com,100014111,https://i.pravatar.cc/150?u=g103
Piseth Lim,VIP,halal,guest104@example.com,100014248,https://i.pravatar.cc/150?u=g104
Narith Sok,Press,none,guest105@example.com,100014385,https://i.pravatar.cc/150?u=g105
Rithy Ouk,Guests,none,guest106@example.com,100014522,https://i.pravatar.cc/150?u=g106
Theary Meas,Organizing Committee,gluten-free,guest107@example.com,100014659,https://i.pravatar.cc/150?u=g107
Sreyleak Sam,Sponsors,vegetarian,guest108@example.com,100014796,https://i.pravatar.cc/150?u=g108
Sophea Rin,Volunteers,none,guest109@example.com,100014933,https://i.pravatar.cc/150?u=g109
Veasna Ung,Staff,vegan,guest110@example.com,100015070,https://i.pravatar.cc/150?u=g110
Dara Long,Speakers,halal,guest111@example.com,100015207,https://i.pravatar.cc/150?u=g111
Kosal Yin,VIP,none,guest112@example.com,100015344,https://i.pravatar.cc/150?u=g112
Chanthou Heng,Press,none,guest113@example.com,100015481,https://i.pravatar.cc/150?u=g113
Sokha Keo,Guests,gluten-free,guest114@example.com,100015618,https://i.pravatar.cc/150?u=g114
Bopha Nou,Organizing Committee,vegetarian,guest115@example.com,100015755,https://i.pravatar.cc/150?u=g115
Sothea Chan,Sponsors,none,guest116@example.com,100015892,https://i.pravatar.cc/150?u=g116
Nita Pen,Volunteers,vegan,guest117@example.com,100016029,https://i.pravatar.cc/150?u=g117
Chan Kim,Staff,halal,guest118@example.com,100016166,https://i.pravatar.cc/150?u=g118
Ravy Tep,Speakers,none,guest119@example.com,100016303,https://i.pravatar.cc/150?u=g119
Vibol Prak,VIP,none,guest120@example.com,100016440,https://i.pravatar.cc/150?u=g120
Mony Vy,Press,gluten-free,guest121@example.com,100016577,https://i.pravatar.cc/150?u=g121
Thida Chea,Guests,vegetarian,guest122@example.com,100016714,https://i.pravatar.cc/150?u=g122
Chenda Chhim,Organizing Committee,none,guest123@example.com,100016851,https://i.pravatar.cc/150?u=g123
Piseth Lim,Sponsors,vegan,guest124@example.com,100016988,https://i.pravatar.cc/150?u=g124
Narith Sok,Volunteers,halal,guest125@example.com,100017125,https://i.pravatar.cc/150?u=g125
Rithy Ouk,Staff,none,guest126@example.com,100017262,https://i.pravatar.cc/150?u=g126
Theary Meas,Speakers,none,guest127@example.com,100017399,https://i.pravatar.cc/150?u=g127
Sreyleak Sam,VIP,gluten-free,guest128@example.com,100017536,https://i.pravatar.cc/150?u=g128
Sophea Rin,Press,vegetarian,guest129@example.com,100017673,https://i.pravatar.cc/150?u=g129
Veasna Ung,Guests,none,guest130@example.com,100017810,https://i.pravatar.cc/150?u=g130
Dara Long,Organizing Committee,vegan,guest131@example.com,100017947,https://i.pravatar.cc/150?u=g131
Kosal Yin,Sponsors,halal,guest132@example.com,100018084,https://i.pravatar.cc/150?u=g132
Chanthou Heng,Volunteers,none,guest133@example.com,100018221,https://i.pravatar.cc/150?u=g133
Sokha Keo,Staff,none,guest134@example.com,100018358,https://i.pravatar.cc/150?u=g134
Bopha Nou,Speakers,gluten-free,guest135@example.com,100018495,https://i.pravatar.cc/150?u=g135
Sothea Chan,VIP,vegetarian,guest136@example.com,100018632,https://i.pravatar.cc/150?u=g136
Nita Pen,Press,none,guest137@example.com,100018769,https://i.pravatar.cc/150?u=g137
Chan Kim,Guests,vegan,guest138@example.com,100018906,https://i.pravatar.cc/150?u=g138
Ravy Tep,Organizing Committee,halal,guest139@example.com,100019043,https://i.pravatar.cc/150?u=g139
Vibol Prak,Sponsors,none,guest140@example.com,100019180,https://i.pravatar.cc/150?u=g140
Mony Vy,Volunteers,none,guest141@example.com,100019317,https://i.pravatar.cc/150?u=g141
Thida Chea,Staff,gluten-free,guest142@example.com,100019454,https://i.pravatar.cc/150?u=g142
Chenda Chhim,Speakers,vegetarian,guest143@example.com,100019591,https://i.pravatar.cc/150?u=g143
Piseth Lim,VIP,none,guest144@example.com,100019728,https://i.pravatar.cc/150?u=g144
Narith Sok,Press,vegan,guest145@example.com,100019865,https://i.pravatar.cc/150?u=g145
Rithy Ouk,Guests,halal,guest146@example.com,100020002,https://i.pravatar.cc/150?u=g146
Theary Meas,Organizing Committee,none,guest147@example.com,100020139,https://i.pravatar.cc/150?u=g147
Sreyleak Sam,Sponsors,none,guest148@example.com,100020276,https://i.pravatar.cc/150?u=g148
Sophea Rin,Volunteers,gluten-free,guest149@example.com,100020413,https://i.pravatar.cc/150?u=g149
Veasna Ung,Staff,vegetarian,guest150@example.com,100020550,https://i.pravatar.cc/150?u=g150
Dara Long,Speakers,none,guest151@example.com,100020687,https://i.pravatar.cc/150?u=g151
Kosal Yin,VIP,vegan,guest152@example.com,100020824,https://i.pravatar.cc/150?u=g152
Chanthou Heng,Press,halal,guest153@example.com,100020961,https://i.pravatar.cc/150?u=g153
Sokha Keo,Guests,none,guest154@example.com,100021098,https://i.pravatar.cc/150?u=g154
Bopha Nou,Organizing Committee,none,guest155@example.com,100021235,https://i.pravatar.cc/150?u=g155
Sothea Chan,Sponsors,gluten-free,guest156@example.com,100021372,https://i.pravatar.cc/150?u=g156
Nita Pen,Volunteers,vegetarian,guest157@example.com,100021509,https://i.pravatar.cc/150?u=g157
Chan Kim,Staff,none,guest158@example.com,100021646,https://i.pravatar.cc/150?u=g158
Ravy Tep,Speakers,vegan,guest159@example.com,100021783,https://i.pravatar.cc/150?u=g159
Vibol Prak,VIP,halal,guest160@example.com,100021920,https://i.pravatar.cc/150?u=g160
Mony Vy,Press,none,guest161@example.com,100022057,https://i.pravatar.cc/150?u=g161
Thida Chea,Guests,none,guest162@example.com,100022194,https://i.pravatar.cc/150?u=g162
Chenda Chhim,Organizing Committee,gluten-free,guest163@example.com,100022331,https://i.pravatar.cc/150?u=g163
Piseth Lim,Sponsors,vegetarian,guest164@example.com,100022468,https://i.pravatar.cc/150?u=g164
Narith Sok,Volunteers,none,guest165@example.com,100022605,https://i.pravatar.cc/150?u=g165
Rithy Ouk,Staff,vegan,guest166@example.com,100022742,https://i.pravatar.cc/150?u=g166
Theary Meas,Speakers,halal,guest167@example.com,100022879,https://i.pravatar.cc/150?u=g167
Sreyleak Sam,VIP,none,guest168@example.com,100023016,https://i.pravatar.cc/150?u=g168
Sophea Rin,Press,none,guest169@example.com,100023153,https://i.pravatar.cc/150?u=g169
Veasna Ung,Guests,gluten-free,guest170@example.com,100023290,https://i.pravatar.cc/150?u=g170
Dara Long,Organizing Committee,vegetarian,guest171@example.com,100023427,https://i.pravatar.cc/150?u=g171
Kosal Yin,Sponsors,none,guest172@example.com,100023564,https://i.pravatar.cc/150?u=g172
Chanthou Heng,Volunteers,vegan,guest173@example.com,100023701,https://i.pravatar.cc/150?u=g173
Sokha Keo,Staff,halal,guest174@example.com,100023838,https://i.pravatar.cc/150?u=g174
Bopha Nou,Speakers,none,guest175@example.com,100023975,https://i.pravatar.cc/150?u=g175
Sothea Chan,VIP,none,guest176@example.com,100024112,https://i.pravatar.cc/150?u=g176
Nita Pen,Press,gluten-free,guest177@example.com,100024249,https://i.pravatar.cc/150?u=g177
Chan Kim,Guests,vegetarian,guest178@example.com,100024386,https://i.pravatar.cc/150?u=g178
Ravy Tep,Organizing Committee,none,guest179@example.com,100024523,https://i.pravatar.cc/150?u=g179
Vibol Prak,Sponsors,vegan,guest180@example.com,100024660,https://i.pravatar.cc/150?u=g180
Mony Vy,Volunteers,halal,guest181@example.com,100024797,https://i.pravatar.cc/150?u=g181
Thida Chea,Staff,none,guest182@example.com,100024934,https://i.pravatar.cc/150?u=g182
Chenda Chhim,Speakers,none,guest183@example.com,100025071,https://i.pravatar.cc/150?u=g183
Piseth Lim,VIP,gluten-free,guest184@example.com,100025208,https://i.pravatar.cc/150?u=g184
Narith Sok,Press,vegetarian,guest185@example.com,100025345,https://i.pravatar.cc/150?u=g185
Rithy Ouk,Guests,none,guest186@example.com,100025482,https://i.pravatar.cc/150?u=g186
Theary Meas,Organizing Committee,vegan,guest187@example.com,100025619,https://i.pravatar.cc/150?u=g187
Sreyleak Sam,Sponsors,halal,guest188@example.com,100025756,https://i.pravatar.cc/150?u=g188
Sophea Rin,Volunteers,none,guest189@example.com,100025893,https://i.pravatar.cc/150?u=g189
Veasna Ung,Staff,none,guest190@example.com,100026030,https://i.pravatar.cc/150?u=g190
Dara Long,Speakers,gluten-free,guest191@example.com,100026167,https://i.pravatar.cc/150?u=g191
Kosal Yin,VIP,vegetarian,guest192@example.com,100026304,https://i.pravatar.cc/150?u=g192
Chanthou Heng,Press,none,guest193@example.com,100026441,https://i.pravatar.cc/150?u=g193
Sokha Keo,Guests,vegan,guest194@example.com,100026578,https://i.pravatar.cc/150?u=g194
Bopha Nou,Organizing Committee,halal,guest195@example.com,100026715,https://i.pravatar.cc/150?u=g195
Sothea Chan,Sponsors,none,guest196@example.com,100026852,https://i.pravatar.cc/150?u=g196
Nita Pen,Volunteers,none,guest197@example.com,100026989,https://i.pravatar.cc/150?u=g197
Chan Kim,Staff,gluten-free,guest198@example.com,100027126,https://i.pravatar.cc/150?u=g198
Ravy Tep,Speakers,vegetarian,guest199@example.com,100027263,https://i.pravatar.cc/150?u=g199
Vibol Prak,VIP,none,guest200@example.com,100027400,https://i.pravatar.cc/150?u=g200
Mony Vy,Press,vegan,guest201@example.com,100027537,https://i.pravatar.cc/150?u=g201
Thida Chea,Guests,halal,guest202@example.com,100027674,https://i.pravatar.cc/150?u=g202
Chenda Chhim,Organizing Committee,none,guest203@example.com,100027811,https://i.pravatar.cc/150?u=g203
Piseth Lim,Sponsors,none,guest204@example.com,100027948,https://i.pravatar.cc/150?u=g204
Narith Sok,Volunteers,gluten-free,guest205@example.com,100028085,https://i.pravatar.cc/150?u=g205
Rithy Ouk,Staff,vegetarian,guest206@example.com,100028222,https://i.pravatar.cc/150?u=g206
Theary Meas,Speakers,none,guest207@example.com,100028359,https://i.pravatar.cc/150?u=g207
Sreyleak Sam,VIP,vegan,guest208@example.com,100028496,https://i.pravatar.cc/150?u=g208
Sophea Rin,Press,halal,guest209@example.com,100028633,https://i.pravatar.cc/150?u=g209
Veasna Ung,Guests,none,guest210@example.com,100028770,https://i.pravatar.cc/150?u=g210
Dara Long,Organizing Committee,none,guest211@example.com,100028907,https://i.pravatar.cc/150?u=g211
Kosal Yin,Sponsors,gluten-free,guest212@example.com,100029044,https://i.pravatar.cc/150?u=g212
Chanthou Heng,Volunteers,vegetarian,guest213@example.com,100029181,https://i.pravatar.cc/150?u=g213
Sokha Keo,Staff,none,guest214@example.com,100029318,https://i.pravatar.cc/150?u=g214
Bopha Nou,Speakers,vegan,guest215@example.com,100029455,https://i.pravatar.cc/150?u=g215
Sothea Chan,VIP,halal,guest216@example.com,100029592,https://i.pravatar.cc/150?u=g216
Nita Pen,Press,none,guest217@example.com,100029729,https://i.pravatar.cc/150?u=g217
Chan Kim,Guests,none,guest218@example.com,100029866,https://i.pravatar.cc/150?u=g218
Ravy Tep,Organizing Committee,gluten-free,guest219@example.com,100030003,https://i.pravatar.cc/150?u=g219
Vibol Prak,Sponsors,vegetarian,guest220@example.com,100030140,https://i.pravatar.cc/150?u=g220
Mony Vy,Volunteers,none,guest221@example.com,100030277,https://i.pravatar.cc/150?u=g221
Thida Chea,Staff,vegan,guest222@example.com,100030414,https://i.pravatar.cc/150?u=g222
Chenda Chhim,Speakers,halal,guest223@example.com,100030551,https://i.pravatar.cc/150?u=g223
Piseth Lim,VIP,none,guest224@example.com,100030688,https://i.pravatar.cc/150?u=g224
Narith Sok,Press,none,guest225@example.com,100030825,https://i.pravatar.cc/150?u=g225
Rithy Ouk,Guests,gluten-free,guest226@example.com,100030962,https://i.pravatar.cc/150?u=g226
Theary Meas,Organizing Committee,vegetarian,guest227@example.com,100031099,https://i.pravatar.cc/150?u=g227
Sreyleak Sam,Sponsors,none,guest228@example.com,100031236,https://i.pravatar.cc/150?u=g228
Sophea Rin,Volunteers,vegan,guest229@example.com,100031373,https://i.pravatar.cc/150?u=g229
Veasna Ung,Staff,halal,guest230@example.com,100031510,https://i.pravatar.cc/150?u=g230
Dara Long,Speakers,none,guest231@example.com,100031647,https://i.pravatar.cc/150?u=g231
Kosal Yin,VIP,none,guest232@example.com,100031784,https://i.pravatar.cc/150?u=g232
Chanthou Heng,Press,gluten-free,guest233@example.com,100031921,https://i.pravatar.cc/150?u=g233
Sokha Keo,Guests,vegetarian,guest234@example.com,100032058,https://i.pravatar.cc/150?u=g234
Bopha Nou,Organizing Committee,none,guest235@example.com,100032195,https://i.pravatar.cc/150?u=g235
Sothea Chan,Sponsors,vegan,guest236@example.com,100032332,https://i.pravatar.cc/150?u=g236
Nita Pen,Volunteers,halal,guest237@example.com,100032469,https://i.pravatar.cc/150?u=g237
Chan Kim,Staff,none,guest238@example.com,100032606,https://i.pravatar.cc/150?u=g238
Ravy Tep,Speakers,none,guest239@example.com,100032743,https://i.pravatar.cc/150?u=g239
Vibol Prak,VIP,gluten-free,guest240@example.com,100032880,https://i.pravatar.cc/150?u=g240
Mony Vy,Press,vegetarian,guest241@example.com,100033017,https://i.pravatar.cc/150?u=g241
Thida Chea,Guests,none,guest242@example.com,100033154,https://i.pravatar.cc/150?u=g242
Chenda Chhim,Organizing Committee,vegan,guest243@example.com,100033291,https://i.pravatar.cc/150?u=g243
Piseth Lim,Sponsors,halal,guest244@example.com,100033428,https://i.pravatar.cc/150?u=g244
Narith Sok,Volunteers,none,guest245@example.com,100033565,https://i.pravatar.cc/150?u=g245
Rithy Ouk,Staff,none,guest246@example.com,100033702,https://i.pravatar.cc/150?u=g246
Theary Meas,Speakers,gluten-free,guest247@example.com,100033839,https://i.pravatar.cc/150?u=g247
Sreyleak Sam,VIP,vegetarian,guest248@example.com,100033976,https://i.pravatar.cc/150?u=g248
Sophea Rin,Press,none,guest249@example.com,100034113,https://i.pravatar.cc/150?u=g249
Veasna Ung,Guests,vegan,guest250@example.com,100034250,https://i.pravatar.cc/150?u=g250
Dara Long,Organizing Committee,halal,guest251@example.com,100034387,https://i.pravatar.cc/150?u=g251
Kosal Yin,Sponsors,none,guest252@example.com,100034524,https://i.pravatar.cc/150?u=g252
Chanthou Heng,Volunteers,none,guest253@example.com,100034661,https://i.pravatar.cc/150?u=g253
Sokha Keo,Staff,gluten-free,guest254@example.com,100034798,https://i.pravatar.cc/150?u=g254
Bopha Nou,Speakers,vegetarian,guest255@example.com,100034935,https://i.pravatar.cc/150?u=g255
Sothea Chan,VIP,none,guest256@example.com,100035072,https://i.pravatar.cc/150?u=g256
Nita Pen,Press,vegan,guest257@example.com,100035209,https://i.pravatar.cc/150?u=g257
Chan Kim,Guests,halal,guest258@example.com,100035346,https://i.pravatar.cc/150?u=g258
Ravy Tep,Organizing Committee,none,guest259@example.com,100035483,https://i.pravatar.cc/150?u=g259
Vibol Prak,Sponsors,none,guest260@example.com,100035620,https://i.pravatar.cc/150?u=g260
Mony Vy,Volunteers,gluten-free,guest261@example.com,100035757,https://i.pravatar.cc/150?u=g261
Thida Chea,Staff,vegetarian,guest262@example.com,100035894,https://i.pravatar.cc/150?u=g262
Chenda Chhim,Speakers,none,guest263@example.com,100036031,https://i.pravatar.cc/150?u=g263
Piseth Lim,VIP,vegan,guest264@example.com,100036168,https://i.pravatar.cc/150?u=g264
Narith Sok,Press,halal,guest265@example.com,100036305,https://i.pravatar.cc/150?u=g265
Rithy Ouk,Guests,none,guest266@example.com,100036442,https://i.pravatar.cc/150?u=g266
Theary Meas,Organizing Committee,none,guest267@example.com,100036579,https://i.pravatar.cc/150?u=g267
Sreyleak Sam,Sponsors,gluten-free,guest268@example.com,100036716,https://i.pravatar.cc/150?u=g268
Sophea Rin,Volunteers,vegetarian,guest269@example.com,100036853,https://i.pravatar.cc/150?u=g269
Veasna Ung,Staff,none,guest270@example.com,100036990,https://i.pravatar.cc/150?u=g270
Dara Long,Speakers,vegan,guest271@example.com,100037127,https://i.pravatar.cc/150?u=g271
Kosal Yin,VIP,halal,guest272@example.com,100037264,https://i.pravatar.cc/150?u=g272
Chanthou Heng,Press,none,guest273@example.com,100037401,https://i.pravatar.cc/150?u=g273
Sokha Keo,Guests,none,guest274@example.com,100037538,https://i.pravatar.cc/150?u=g274
Bopha Nou,Organizing Committee,gluten-free,guest275@example.com,100037675,https://i.pravatar.cc/150?u=g275
Sothea Chan,Sponsors,vegetarian,guest276@example.com,100037812,https://i.pravatar.cc/150?u=g276
Nita Pen,Volunteers,none,guest277@example.com,100037949,https://i.pravatar.cc/150?u=g277
Chan Kim,Staff,vegan,guest278@example.com,100038086,https://i.pravatar.cc/150?u=g278
Ravy Tep,Speakers,halal,guest279@example.com,100038223,https://i.pravatar.cc/150?u=g279
Vibol Prak,VIP,none,guest280@example.com,100038360,https://i.pravatar.cc/150?u=g280
Mony Vy,Press,none,guest281@example.com,100038497,https://i.pravatar.cc/150?u=g281
Thida Chea,Guests,gluten-free,guest282@example.com,100038634,https://i.pravatar.cc/150?u=g282
Chenda Chhim,Organizing Committee,vegetarian,guest283@example.com,100038771,https://i.pravatar.cc/150?u=g283
Piseth Lim,Sponsors,none,guest284@example.com,100038908,https://i.pravatar.cc/150?u=g284
Narith Sok,Volunteers,vegan,guest285@example.com,100039045,https://i.pravatar.cc/150?u=g285
Rithy Ouk,Staff,halal,guest286@example.com,100039182,https://i.pravatar.cc/150?u=g286
Theary Meas,Speakers,none,guest287@example.com,100039319,https://i.pravatar.cc/150?u=g287
Sreyleak Sam,VIP,none,guest288@example.com,100039456,https://i.pravatar.cc/150?u=g288
Sophea Rin,Press,gluten-free,guest289@example.com,100039593,https://i.pravatar.cc/150?u=g289
Veasna Ung,Guests,vegetarian,guest290@example.com,100039730,https://i.pravatar.cc/150?u=g290
Dara Long,Organizing Committee,none,guest291@example.com,100039867,https://i.pravatar.cc/150?u=g291
Kosal Yin,Sponsors,vegan,guest292@example.com,100040004,https://i.pravatar.cc/150?u=g292
Chanthou Heng,Volunteers,halal,guest293@example.com,100040141,https://i.pravatar.cc/150?u=g293
Sokha Keo,Staff,none,guest294@example.com,100040278,https://i.pravatar.cc/150?u=g294
Bopha Nou,Speakers,none,guest295@example.com,100040415,https://i.pravatar.cc/150?u=g295
Sothea Chan,VIP,gluten-free,guest296@example.com,100040552,https://i.pravatar.cc/150?u=g296
Nita Pen,Press,vegetarian,guest297@example.com,100040689,https://i.pravatar.cc/150?u=g297
Chan Kim,Guests,none,guest298@example.com,100040826,https://i.pravatar.cc/150?u=g298
Ravy Tep,Organizing Committee,vegan,guest299@example.com,100040963,https://i.pravatar.cc/150?u=g299
Vibol Prak,Sponsors,halal,guest300@example.com,100041100,https://i.pravatar.cc/150?u=g300
Mony Vy,Volunteers,none,guest301@example.com,100041237,https://i.pravatar.cc/150?u=g301
Thida Chea,Staff,none,guest302@example.com,100041374,https://i.pravatar.cc/150?u=g302
Chenda Chhim,Speakers,gluten-free,guest303@example.com,100041511,https://i.pravatar.cc/150?u=g303
Piseth Lim,VIP,vegetarian,guest304@example.com,100041648,https://i.pravatar.cc/150?u=g304
Narith Sok,Press,none,guest305@example.com,100041785,https://i.pravatar.cc/150?u=g305
Rithy Ouk,Guests,vegan,guest306@example.com,100041922,https://i.pravatar.cc/150?u=g306
Theary Meas,Organizing Committee,halal,guest307@example.com,100042059,https://i.pravatar.cc/150?u=g307
Sreyleak Sam,Sponsors,none,guest308@example.com,100042196,https://i.pravatar.cc/150?u=g308
Sophea Rin,Volunteers,none,guest309@example.com,100042333,https://i.pravatar.cc/150?u=g309
Veasna Ung,Staff,gluten-free,guest310@example.com,100042470,https://i.pravatar.cc/150?u=g310
Dara Long,Speakers,vegetarian,guest311@example.com,100042607,https://i.pravatar.cc/150?u=g311
Kosal Yin,VIP,none,guest312@example.com,100042744,https://i.pravatar.cc/150?u=g312
Chanthou Heng,Press,vegan,guest313@example.com,100042881,https://i.pravatar.cc/150?u=g313
Sokha Keo,Guests,halal,guest314@example.com,100043018,https://i.pravatar.cc/150?u=g314
Bopha Nou,Organizing Committee,none,guest315@example.com,100043155,https://i.pravatar.cc/150?u=g315
Sothea Chan,Sponsors,none,guest316@example.com,100043292,https://i.pravatar.cc/150?u=g316
Nita Pen,Volunteers,gluten-free,guest317@example.com,100043429,https://i.pravatar.cc/150?u=g317
Chan Kim,Staff,vegetarian,guest318@example.com,100043566,https://i.pravatar.cc/150?u=g318
Ravy Tep,Speakers,none,guest319@example.com,100043703,https://i.pravatar.cc/150?u=g319
Vibol Prak,VIP,vegan,guest320@example.com,100043840,https://i.pravatar.cc/150?u=g320
Mony Vy,Press,halal,guest321@example.com,100043977,https://i.pravatar.cc/150?u=g321
Thida Chea,Guests,none,guest322@example.com,100044114,https://i.pravatar.cc/150?u=g322
Chenda Chhim,Organizing Committee,none,guest323@example.com,100044251,https://i.pravatar.cc/150?u=g323
Piseth Lim,Sponsors,gluten-free,guest324@example.com,100044388,https://i.pravatar.cc/150?u=g324
Narith Sok,Volunteers,vegetarian,guest325@example.com,100044525,https://i.pravatar.cc/150?u=g325
Rithy Ouk,Staff,none,guest326@example.com,100044662,https://i.pravatar.cc/150?u=g326
Theary Meas,Speakers,vegan,guest327@example.com,100044799,https://i.pravatar.cc/150?u=g327
Sreyleak Sam,VIP,halal,guest328@example.com,100044936,https://i.pravatar.cc/150?u=g328
Sophea Rin,Press,none,guest329@example.com,100045073,https://i.pravatar.cc/150?u=g329
Veasna Ung,Guests,none,guest330@example.com,100045210,https://i.pravatar.cc/150?u=g330
Dara Long,Organizing Committee,gluten-free,guest331@example.com,100045347,https://i.pravatar.cc/150?u=g331
Kosal Yin,Sponsors,vegetarian,guest332@example.com,100045484,https://i.pravatar.cc/150?u=g332
Chanthou Heng,Volunteers,none,guest333@example.com,100045621,https://i.pravatar.cc/150?u=g333
Sokha Keo,Staff,vegan,guest334@example.com,100045758,https://i.pravatar.cc/150?u=g334
Bopha Nou,Speakers,halal,guest335@example.com,100045895,https://i.pravatar.cc/150?u=g335
Sothea Chan,VIP,none,guest336@example.com,100046032,https://i.pravatar.cc/150?u=g336
Nita Pen,Press,none,guest337@example.com,100046169,https://i.pravatar.cc/150?u=g337
Chan Kim,Guests,gluten-free,guest338@example.com,100046306,https://i.pravatar.cc/150?u=g338
Ravy Tep,Organizing Committee,vegetarian,guest339@example.com,100046443,https://i.pravatar.cc/150?u=g339
Vibol Prak,Sponsors,none,guest340@example.com,100046580,https://i.pravatar.cc/150?u=g340
Mony Vy,Volunteers,vegan,guest341@example.com,100046717,https://i.pravatar.cc/150?u=g341
Thida Chea,Staff,halal,guest342@example.com,100046854,https://i.pravatar.cc/150?u=g342
Chenda Chhim,Speakers,none,guest343@example.com,100046991,https://i.pravatar.cc/150?u=g343
Piseth Lim,VIP,none,guest344@example.com,100047128,https://i.pravatar.cc/150?u=g344
Narith Sok,Press,gluten-free,guest345@example.com,100047265,https://i.pravatar.cc/150?u=g345
Rithy Ouk,Guests,vegetarian,guest346@example.com,100047402,https://i.pravatar.cc/150?u=g346
Theary Meas,Organizing Committee,none,guest347@example.com,100047539,https://i.pravatar.cc/150?u=g347
Sreyleak Sam,Sponsors,vegan,guest348@example.com,100047676,https://i.pravatar.cc/150?u=g348
Sophea Rin,Volunteers,halal,guest349@example.com,100047813,https://i.pravatar.cc/150?u=g349
Veasna Ung,Staff,none,guest350@example.com,100047950,https://i.pravatar.cc/150?u=g350
Dara Long,Speakers,none,guest351@example.com,100048087,https://i.pravatar.cc/150?u=g351
Kosal Yin,VIP,gluten-free,guest352@example.com,100048224,https://i.pravatar.cc/150?u=g352
Chanthou Heng,Press,vegetarian,guest353@example.com,100048361,https://i.pravatar.cc/150?u=g353
Sokha Keo,Guests,none,guest354@example.com,100048498,https://i.pravatar.cc/150?u=g354
Bopha Nou,Organizing Committee,vegan,guest355@example.com,100048635,https://i.pravatar.cc/150?u=g355
Sothea Chan,Sponsors,halal,guest356@example.com,100048772,https://i.pravatar.cc/150?u=g356
Nita Pen,Volunteers,none,guest357@example.com,100048909,https://i.pravatar.cc/150?u=g357
Chan Kim,Staff,none,guest358@example.com,100049046,https://i.pravatar.cc/150?u=g358
Ravy Tep,Speakers,gluten-free,guest359@example.com,100049183,https://i.pravatar.cc/150?u=g359
Vibol Prak,VIP,vegetarian,guest360@example.com,100049320,https://i.pravatar.cc/150?u=g360
Mony Vy,Press,none,guest361@example.com,100049457,https://i.pravatar.cc/150?u=g361
Thida Chea,Guests,vegan,guest362@example.com,100049594,https://i.pravatar.cc/150?u=g362
Chenda Chhim,Organizing Committee,halal,guest363@example.com,100049731,https://i.pravatar.cc/150?u=g363
Piseth Lim,Sponsors,none,guest364@example.com,100049868,https://i.pravatar.cc/150?u=g364
Narith Sok,Volunteers,none,guest365@example.com,100050005,https://i.pravatar.cc/150?u=g365
Rithy Ouk,Staff,gluten-free,guest366@example.com,100050142,https://i.pravatar.cc/150?u=g366
Theary Meas,Speakers,vegetarian,guest367@example.com,100050279,https://i.pravatar.cc/150?u=g367
Sreyleak Sam,VIP,none,guest368@example.com,100050416,https://i.pravatar.cc/150?u=g368
Sophea Rin,Press,vegan,guest369@example.com,100050553,https://i.pravatar.cc/150?u=g369
Veasna Ung,Guests,halal,guest370@example.com,100050690,https://i.pravatar.cc/150?u=g370
Dara Long,Organizing Committee,none,guest371@example.com,100050827,https://i.pravatar.cc/150?u=g371
Kosal Yin,Sponsors,none,guest372@example.com,100050964,https://i.pravatar.cc/150?u=g372
Chanthou Heng,Volunteers,gluten-free,guest373@example.com,100051101,https://i.pravatar.cc/150?u=g373
Sokha Keo,Staff,vegetarian,guest374@example.com,100051238,https://i.pravatar.cc/150?u=g374
Bopha Nou,Speakers,none,guest375@example.com,100051375,https://i.pravatar.cc/150?u=g375
Sothea Chan,VIP,vegan,guest376@example.com,100051512,https://i.pravatar.cc/150?u=g376
Nita Pen,Press,halal,guest377@example.com,100051649,https://i.pravatar.cc/150?u=g377
Chan Kim,Guests,none,guest378@example.com,100051786,https://i.pravatar.cc/150?u=g378
Ravy Tep,Organizing Committee,none,guest379@example.com,100051923,https://i.pravatar.cc/150?u=g379
Vibol Prak,Sponsors,gluten-free,guest380@example.com,100052060,https://i.pravatar.cc/150?u=g380
Mony Vy,Volunteers,vegetarian,guest381@example.com,100052197,https://i.pravatar.cc/150?u=g381
Thida Chea,Staff,none,guest382@example.com,100052334,https://i.pravatar.cc/150?u=g382
Chenda Chhim,Speakers,vegan,guest383@example.com,100052471,https://i.pravatar.cc/150?u=g383
Piseth Lim,VIP,halal,guest384@example.com,100052608,https://i.pravatar.cc/150?u=g384
Narith Sok,Press,none,guest385@example.com,100052745,https://i.pravatar.cc/150?u=g385
Rithy Ouk,Guests,none,guest386@example.com,100052882,https://i.pravatar.cc/150?u=g386
Theary Meas,Organizing Committee,gluten-free,guest387@example.com,100053019,https://i.pravatar.cc/150?u=g387
Sreyleak Sam,Sponsors,vegetarian,guest388@example.com,100053156,https://i.pravatar.cc/150?u=g388
Sophea Rin,Volunteers,none,guest389@example.com,100053293,https://i.pravatar.cc/150?u=g389
Veasna Ung,Staff,vegan,guest390@example.com,100053430,https://i.pravatar.cc/150?u=g390
Dara Long,Speakers,halal,guest391@example.com,100053567,https://i.pravatar.cc/150?u=g391
Kosal Yin,VIP,none,guest392@example.com,100053704,https://i.pravatar.cc/150?u=g392
Chanthou Heng,Press,none,guest393@example.com,100053841,https://i.pravatar.cc/150?u=g393
Sokha Keo,Guests,gluten-free,guest394@example.com,100053978,https://i.pravatar.cc/150?u=g394
Bopha Nou,Organizing Committee,vegetarian,guest395@example.com,100054115,https://i.pravatar.cc/150?u=g395
Sothea Chan,Sponsors,none,guest396@example.com,100054252,https://i.pravatar.cc/150?u=g396
Nita Pen,Volunteers,vegan,guest397@example.com,100054389,https://i.pravatar.cc/150?u=g397
Chan Kim,Staff,halal,guest398@example.com,100054526,https://i.pravatar.cc/150?u=g398
Ravy Tep,Speakers,none,guest399@example.com,100054663,https://i.pravatar.cc/150?u=g399
Vibol Prak,VIP,none,guest400@example.com,100054800,https://i.pravatar.cc/150?u=g400
Mony Vy,Press,gluten-free,guest401@example.com,100054937,https://i.pravatar.cc/150?u=g401
Thida Chea,Guests,vegetarian,guest402@example.com,100055074,https://i.pravatar.cc/150?u=g402
Chenda Chhim,Organizing Committee,none,guest403@example.com,100055211,https://i.pravatar.cc/150?u=g403
Piseth Lim,Sponsors,vegan,guest404@example.com,100055348,https://i.pravatar.cc/150?u=g404
Narith Sok,Volunteers,halal,guest405@example.com,100055485,https://i.pravatar.cc/150?u=g405
Rithy Ouk,Staff,none,guest406@example.com,100055622,https://i.pravatar.cc/150?u=g406
Theary Meas,Speakers,none,guest407@example.com,100055759,https://i.pravatar.cc/150?u=g407
Sreyleak Sam,VIP,gluten-free,guest408@example.com,100055896,https://i.pravatar.cc/150?u=g408
Sophea Rin,Press,vegetarian,guest409@example.com,100056033,https://i.pravatar.cc/150?u=g409
Veasna Ung,Guests,none,guest410@example.com,100056170,https://i.pravatar.cc/150?u=g410
Dara Long,Organizing Committee,vegan,guest411@example.com,100056307,https://i.pravatar.cc/150?u=g411
Kosal Yin,Sponsors,halal,guest412@example.com,100056444,https://i.pravatar.cc/150?u=g412
Chanthou Heng,Volunteers,none,guest413@example.com,100056581,https://i.pravatar.cc/150?u=g413
Sokha Keo,Staff,none,guest414@example.com,100056718,https://i.pravatar.cc/150?u=g414
Bopha Nou,Speakers,gluten-free,guest415@example.com,100056855,https://i.pravatar.cc/150?u=g415
Sothea Chan,VIP,vegetarian,guest416@example.com,100056992,https://i.pravatar.cc/150?u=g416
Nita Pen,Press,none,guest417@example.com,100057129,https://i.pravatar.cc/150?u=g417
Chan Kim,Guests,vegan,guest418@example.com,100057266,https://i.pravatar.cc/150?u=g418
Ravy Tep,Organizing Committee,halal,guest419@example.com,100057403,https://i.pravatar.cc/150?u=g419
Vibol Prak,Sponsors,none,guest420@example.com,100057540,https://i.pravatar.cc/150?u=g420
Mony Vy,Volunteers,none,guest421@example.com,100057677,https://i.pravatar.cc/150?u=g421
Thida Chea,Staff,gluten-free,guest422@example.com,100057814,https://i.pravatar.cc/150?u=g422
Chenda Chhim,Speakers,vegetarian,guest423@example.com,100057951,https://i.pravatar.cc/150?u=g423
Piseth Lim,VIP,none,guest424@example.com,100058088,https://i.pravatar.cc/150?u=g424
Narith Sok,Press,vegan,guest425@example.com,100058225,https://i.pravatar.cc/150?u=g425
Rithy Ouk,Guests,halal,guest426@example.com,100058362,https://i.pravatar.cc/150?u=g426
Theary Meas,Organizing Committee,none,guest427@example.com,100058499,https://i.pravatar.cc/150?u=g427
Sreyleak Sam,Sponsors,none,guest428@example.com,100058636,https://i.pravatar.cc/150?u=g428
Sophea Rin,Volunteers,gluten-free,guest429@example.com,100058773,https://i.pravatar.cc/150?u=g429
Veasna Ung,Staff,vegetarian,guest430@example.com,100058910,https://i.pravatar.cc/150?u=g430
Dara Long,Speakers,none,guest431@example.com,100059047,https://i.pravatar.cc/150?u=g431
Kosal Yin,VIP,vegan,guest432@example.com,100059184,https://i.pravatar.cc/150?u=g432
Chanthou Heng,Press,halal,guest433@example.com,100059321,https://i.pravatar.cc/150?u=g433
Sokha Keo,Guests,none,guest434@example.com,100059458,https://i.pravatar.cc/150?u=g434
Bopha Nou,Organizing Committee,none,guest435@example.com,100059595,https://i.pravatar.cc/150?u=g435
Sothea Chan,Sponsors,gluten-free,guest436@example.com,100059732,https://i.pravatar.cc/150?u=g436
Nita Pen,Volunteers,vegetarian,guest437@example.com,100059869,https://i.pravatar.cc/150?u=g437
Chan Kim,Staff,none,guest438@example.com,100060006,https://i.pravatar.cc/150?u=g438
Ravy Tep,Speakers,vegan,guest439@example.com,100060143,https://i.pravatar.cc/150?u=g439
Vibol Prak,VIP,halal,guest440@example.com,100060280,https://i.pravatar.cc/150?u=g440
Mony Vy,Press,none,guest441@example.com,100060417,https://i.pravatar.cc/150?u=g441
Thida Chea,Guests,none,guest442@example.com,100060554,https://i.pravatar.cc/150?u=g442
Chenda Chhim,Organizing Committee,gluten-free,guest443@example.com,100060691,https://i.pravatar.cc/150?u=g443
Piseth Lim,Sponsors,vegetarian,guest444@example.com,100060828,https://i.pravatar.cc/150?u=g444
Narith Sok,Volunteers,none,guest445@example.com,100060965,https://i.pravatar.cc/150?u=g445
Rithy Ouk,Staff,vegan,guest446@example.com,100061102,https://i.pravatar.cc/150?u=g446
Theary Meas,Speakers,halal,guest447@example.com,100061239,https://i.pravatar.cc/150?u=g447
Sreyleak Sam,VIP,none,guest448@example.com,100061376,https://i.pravatar.cc/150?u=g448
Sophea Rin,Press,none,guest449@example.com,100061513,https://i.pravatar.cc/150?u=g449
Veasna Ung,Guests,gluten-free,guest450@example.com,100061650,https://i.pravatar.cc/150?u=g450
Dara Long,Organizing Committee,vegetarian,guest451@example.com,100061787,https://i.pravatar.cc/150?u=g451
Kosal Yin,Sponsors,none,guest452@example.com,100061924,https://i.pravatar.cc/150?u=g452
Chanthou Heng,Volunteers,vegan,guest453@example.com,100062061,https://i.pravatar.cc/150?u=g453
Sokha Keo,Staff,halal,guest454@example.com,100062198,https://i.pravatar.cc/150?u=g454
Bopha Nou,Speakers,none,guest455@example.com,100062335,https://i.pravatar.cc/150?u=g455
Sothea Chan,VIP,none,guest456@example.com,100062472,https://i.pravatar.cc/150?u=g456
Nita Pen,Press,gluten-free,guest457@example.com,100062609,https://i.pravatar.cc/150?u=g457
Chan Kim,Guests,vegetarian,guest458@example.com,100062746,https://i.pravatar.cc/150?u=g458
Ravy Tep,Organizing Committee,none,guest459@example.com,100062883,https://i.pravatar.cc/150?u=g459
Vibol Prak,Sponsors,vegan,guest460@example.com,100063020,https://i.pravatar.cc/150?u=g460
Mony Vy,Volunteers,halal,guest461@example.com,100063157,https://i.pravatar.cc/150?u=g461
Thida Chea,Staff,none,guest462@example.com,100063294,https://i.pravatar.cc/150?u=g462
Chenda Chhim,Speakers,none,guest463@example.com,100063431,https://i.pravatar.cc/150?u=g463
Piseth Lim,VIP,gluten-free,guest464@example.com,100063568,https://i.pravatar.cc/150?u=g464
Narith Sok,Press,vegetarian,guest465@example.com,100063705,https://i.pravatar.cc/150?u=g465
Rithy Ouk,Guests,none,guest466@example.com,100063842,https://i.pravatar.cc/150?u=g466
Theary Meas,Organizing Committee,vegan,guest467@example.com,100063979,https://i.pravatar.cc/150?u=g467
Sreyleak Sam,Sponsors,halal,guest468@example.com,100064116,https://i.pravatar.cc/150?u=g468
Sophea Rin,Volunteers,none,guest469@example.com,100064253,https://i.pravatar.cc/150?u=g469
Veasna Ung,Staff,none,guest470@example.com,100064390,https://i.pravatar.cc/150?u=g470
Dara Long,Speakers,gluten-free,guest471@example.com,100064527,https://i.pravatar.cc/150?u=g471
Kosal Yin,VIP,vegetarian,guest472@example.com,100064664,https://i.pravatar.cc/150?u=g472
Chanthou Heng,Press,none,guest473@example.com,100064801,https://i.pravatar.cc/150?u=g473
Sokha Keo,Guests,vegan,guest474@example.com,100064938,https://i.pravatar.cc/150?u=g474
Bopha Nou,Organizing Committee,halal,guest475@example.com,100065075,https://i.pravatar.cc/150?u=g475
Sothea Chan,Sponsors,none,guest476@example.com,100065212,https://i.pravatar.cc/150?u=g476
Nita Pen,Volunteers,none,guest477@example.com,100065349,https://i.pravatar.cc/150?u=g477
Chan Kim,Staff,gluten-free,guest478@example.com,100065486,https://i.pravatar.cc/150?u=g478
Ravy Tep,Speakers,vegetarian,guest479@example.com,100065623,https://i.pravatar.cc/150?u=g479
Vibol Prak,VIP,none,guest480@example.com,100065760,https://i.pravatar.cc/150?u=g480
Mony Vy,Press,vegan,guest481@example.com,100065897,https://i.pravatar.cc/150?u=g481
Thida Chea,Guests,halal,guest482@example.com,100066034,https://i.pravatar.cc/150?u=g482
Chenda Chhim,Organizing Committee,none,guest483@example.com,100066171,https://i.pravatar.cc/150?u=g483
Piseth Lim,Sponsors,none,guest484@example.com,100066308,https://i.pravatar.cc/150?u=g484
Narith Sok,Volunteers,gluten-free,guest485@example.com,100066445,https://i.pravatar.cc/150?u=g485
Rithy Ouk,Staff,vegetarian,guest486@example.com,100066582,https://i.pravatar.cc/150?u=g486
Theary Meas,Speakers,none,guest487@example.com,100066719,https://i.pravatar.cc/150?u=g487
Sreyleak Sam,VIP,vegan,guest488@example.com,100066856,https://i.pravatar.cc/150?u=g488
Sophea Rin,Press,halal,guest489@example.com,100066993,https://i.pravatar.cc/150?u=g489
Veasna Ung,Guests,none,guest490@example.com,100067130,https://i.pravatar.cc/150?u=g490
Dara Long,Organizing Committee,none,guest491@example.com,100067267,https://i.pravatar.cc/150?u=g491
Kosal Yin,Sponsors,gluten-free,guest492@example.com,100067404,https://i.pravatar.cc/150?u=g492
Chanthou Heng,Volunteers,vegetarian,guest493@example.com,100067541,https://i.pravatar.cc/150?u=g493
Sokha Keo,Staff,none,guest494@example.com,100067678,https://i.pravatar.cc/150?u=g494
Bopha Nou,Speakers,vegan,guest495@example.com,100067815,https://i.pravatar.cc/150?u=g495
Sothea Chan,VIP,halal,guest496@example.com,100067952,https://i.pravatar.cc/150?u=g496
Nita Pen,Press,none,guest497@example.com,100068089,https://i.pravatar.cc/150?u=g497
Chan Kim,Guests,none,guest498@example.com,100068226,https://i.pravatar.cc/150?u=g498
Ravy Tep,Organizing Committee,gluten-free,guest499@example.com,100068363,https://i.pravatar.cc/150?u=g499
Vibol Prak,Sponsors,vegetarian,guest500@example.com,100068500,https://i.pravatar.cc/150?u=g500
Mony Vy,Volunteers,none,guest501@example.com,100068637,https://i.pravatar.cc/150?u=g501
Thida Chea,Staff,vegan,guest502@example.com,100068774,https://i.pravatar.cc/150?u=g502
Chenda Chhim,Speakers,halal,guest503@example.com,100068911,https://i.pravatar.cc/150?u=g503
Piseth Lim,VIP,none,guest504@example.com,100069048,https://i.pravatar.cc/150?u=g504
Narith Sok,Press,none,guest505@example.com,100069185,https://i.pravatar.cc/150?u=g505
Rithy Ouk,Guests,gluten-free,guest506@example.com,100069322,https://i.pravatar.cc/150?u=g506
Theary Meas,Organizing Committee,vegetarian,guest507@example.com,100069459,https://i.pravatar.cc/150?u=g507
Sreyleak Sam,Sponsors,none,guest508@example.com,100069596,https://i.pravatar.cc/150?u=g508
Sophea Rin,Volunteers,vegan,guest509@example.com,100069733,https://i.pravatar.cc/150?u=g509
Veasna Ung,Staff,halal,guest510@example.com,100069870,https://i.pravatar.cc/150?u=g510
Dara Long,Speakers,none,guest511@example.com,100070007,https://i.pravatar.cc/150?u=g511
Kosal Yin,VIP,none,guest512@example.com,100070144,https://i.pravatar.cc/150?u=g512
Chanthou Heng,Press,gluten-free,guest513@example.com,100070281,https://i.pravatar.cc/150?u=g513
Sokha Keo,Guests,vegetarian,guest514@example.com,100070418,https://i.pravatar.cc/150?u=g514
Bopha Nou,Organizing Committee,none,guest515@example.com,100070555,https://i.pravatar.cc/150?u=g515
Sothea Chan,Sponsors,vegan,guest516@example.com,100070692,https://i.pravatar.cc/150?u=g516
Nita Pen,Volunteers,halal,guest517@example.com,100070829,https://i.pravatar.cc/150?u=g517
Chan Kim,Staff,none,guest518@example.com,100070966,https://i.pravatar.cc/150?u=g518
Ravy Tep,Speakers,none,guest519@example.com,100071103,https://i.pravatar.cc/150?u=g519
Vibol Prak,VIP,gluten-free,guest520@example.com,100071240,https://i.pravatar.cc/150?u=g520
Mony Vy,Press,vegetarian,guest521@example.com,100071377,https://i.pravatar.cc/150?u=g521
Thida Chea,Guests,none,guest522@example.com,100071514,https://i.pravatar.cc/150?u=g522
Chenda Chhim,Organizing Committee,vegan,guest523@example.com,100071651,https://i.pravatar.cc/150?u=g523
Piseth Lim,Sponsors,halal,guest524@example.com,100071788,https://i.pravatar.cc/150?u=g524
Narith Sok,Volunteers,none,guest525@example.com,100071925,https://i.pravatar.cc/150?u=g525
Rithy Ouk,Staff,none,guest526@example.com,100072062,https://i.pravatar.cc/150?u=g526
Theary Meas,Speakers,gluten-free,guest527@example.com,100072199,https://i.pravatar.cc/150?u=g527
Sreyleak Sam,VIP,vegetarian,guest528@example.com,100072336,https://i.pravatar.cc/150?u=g528
Sophea Rin,Press,none,guest529@example.com,100072473,https://i.pravatar.cc/150?u=g529
Veasna Ung,Guests,vegan,guest530@example.com,100072610,https://i.pravatar.cc/150?u=g530
Dara Long,Organizing Committee,halal,guest531@example.com,100072747,https://i.pravatar.cc/150?u=g531
Kosal Yin,Sponsors,none,guest532@example.com,100072884,https://i.pravatar.cc/150?u=g532
Chanthou Heng,Volunteers,none,guest533@example.com,100073021,https://i.pravatar.cc/150?u=g533
Sokha Keo,Staff,gluten-free,guest534@example.com,100073158,https://i.pravatar.cc/150?u=g534
Bopha Nou,Speakers,vegetarian,guest535@example.com,100073295,https://i.pravatar.cc/150?u=g535
Sothea Chan,VIP,none,guest536@example.com,100073432,https://i.pravatar.cc/150?u=g536
Nita Pen,Press,vegan,guest537@example.com,100073569,https://i.pravatar.cc/150?u=g537
Chan Kim,Guests,halal,guest538@example.com,100073706,https://i.pravatar.cc/150?u=g538
Ravy Tep,Organizing Committee,none,guest539@example.com,100073843,https://i.pravatar.cc/150?u=g539
Vibol Prak,Sponsors,none,guest540@example.com,100073980,https://i.pravatar.cc/150?u=g540
Mony Vy,Volunteers,gluten-free,guest541@example.com,100074117,https://i.pravatar.cc/150?u=g541
Thida Chea,Staff,vegetarian,guest542@example.com,100074254,https://i.pravatar.cc/150?u=g542
Chenda Chhim,Speakers,none,guest543@example.com,100074391,https://i.pravatar.cc/150?u=g543
Piseth Lim,VIP,vegan,guest544@example.com,100074528,https://i.pravatar.cc/150?u=g544
Narith Sok,Press,halal,guest545@example.com,100074665,https://i.pravatar.cc/150?u=g545
Rithy Ouk,Guests,none,guest546@example.com,100074802,https://i.pravatar.cc/150?u=g546
Theary Meas,Organizing Committee,none,guest547@example.com,100074939,https://i.pravatar.cc/150?u=g547
Sreyleak Sam,Sponsors,gluten-free,guest548@example.com,100075076,https://i.pravatar.cc/150?u=g548
Sophea Rin,Volunteers,vegetarian,guest549@example.com,100075213,https://i.pravatar.cc/150?u=g549
Veasna Ung,Staff,none,guest550@example.com,100075350,https://i.pravatar.cc/150?u=g550
Dara Long,Speakers,vegan,guest551@example.com,100075487,https://i.pravatar.cc/150?u=g551
Kosal Yin,VIP,halal,guest552@example.com,100075624,https://i.pravatar.cc/150?u=g552
Chanthou Heng,Press,none,guest553@example.com,100075761,https://i.pravatar.cc/150?u=g553
Sokha Keo,Guests,none,guest554@example.com,100075898,https://i.pravatar.cc/150?u=g554
Bopha Nou,Organizing Committee,gluten-free,guest555@example.com,100076035,https://i.pravatar.cc/150?u=g555
Sothea Chan,Sponsors,vegetarian,guest556@example.com,100076172,https://i.pravatar.cc/150?u=g556
Nita Pen,Volunteers,none,guest557@example.com,100076309,https://i.pravatar.cc/150?u=g557
Chan Kim,Staff,vegan,guest558@example.com,100076446,https://i.pravatar.cc/150?u=g558
Ravy Tep,Speakers,halal,guest559@example.com,100076583,https://i.pravatar.cc/150?u=g559
Vibol Prak,VIP,none,guest560@example.com,100076720,https://i.pravatar.cc/150?u=g560
Mony Vy,Press,none,guest561@example.com,100076857,https://i.pravatar.cc/150?u=g561
Thida Chea,Guests,gluten-free,guest562@example.com,100076994,https://i.pravatar.cc/150?u=g562
Chenda Chhim,Organizing Committee,vegetarian,guest563@example.com,100077131,https://i.pravatar.cc/150?u=g563
Piseth Lim,Sponsors,none,guest564@example.com,100077268,https://i.pravatar.cc/150?u=g564
Narith Sok,Volunteers,vegan,guest565@example.com,100077405,https://i.pravatar.cc/150?u=g565
Rithy Ouk,Staff,halal,guest566@example.com,100077542,https://i.pravatar.cc/150?u=g566
Theary Meas,Speakers,none,guest567@example.com,100077679,https://i.pravatar.cc/150?u=g567
Sreyleak Sam,VIP,none,guest568@example.com,100077816,https://i.pravatar.cc/150?u=g568
Sophea Rin,Press,gluten-free,guest569@example.com,100077953,https://i.pravatar.cc/150?u=g569
Veasna Ung,Guests,vegetarian,guest570@example.com,100078090,https://i.pravatar.cc/150?u=g570
Dara Long,Organizing Committee,none,guest571@example.com,100078227,https://i.pravatar.cc/150?u=g571
Kosal Yin,Sponsors,vegan,guest572@example.com,100078364,https://i.pravatar.cc/150?u=g572
Chanthou Heng,Volunteers,halal,guest573@example.com,100078501,https://i.pravatar.cc/150?u=g573
Sokha Keo,Staff,none,guest574@example.com,100078638,https://i.pravatar.cc/150?u=g574
Bopha Nou,Speakers,none,guest575@example.com,100078775,https://i.pravatar.cc/150?u=g575
Sothea Chan,VIP,gluten-free,guest576@example.com,100078912,https://i.pravatar.cc/150?u=g576
Nita Pen,Press,vegetarian,guest577@example.com,100079049,https://i.pravatar.cc/150?u=g577
Chan Kim,Guests,none,guest578@example.com,100079186,https://i.pravatar.cc/150?u=g578
Ravy Tep,Organizing Committee,vegan,guest579@example.com,100079323,https://i.pravatar.cc/150?u=g579
Vibol Prak,Sponsors,halal,guest580@example.com,100079460,https://i.pravatar.cc/150?u=g580
Mony Vy,Volunteers,none,guest581@example.com,100079597,https://i.pravatar.cc/150?u=g581
Thida Chea,Staff,none,guest582@example.com,100079734,https://i.pravatar.cc/150?u=g582
Chenda Chhim,Speakers,gluten-free,guest583@example.com,100079871,https://i.pravatar.cc/150?u=g583
Piseth Lim,VIP,vegetarian,guest584@example.com,100080008,https://i.pravatar.cc/150?u=g584
Narith Sok,Press,none,guest585@example.com,100080145,https://i.pravatar.cc/150?u=g585
Rithy Ouk,Guests,vegan,guest586@example.com,100080282,https://i.pravatar.cc/150?u=g586
Theary Meas,Organizing Committee,halal,guest587@example.com,100080419,https://i.pravatar.cc/150?u=g587
Sreyleak Sam,Sponsors,none,guest588@example.com,100080556,https://i.pravatar.cc/150?u=g588
Sophea Rin,Volunteers,none,guest589@example.com,100080693,https://i.pravatar.cc/150?u=g589
Veasna Ung,Staff,gluten-free,guest590@example.com,100080830,https://i.pravatar.cc/150?u=g590
Dara Long,Speakers,vegetarian,guest591@example.com,100080967,https://i.pravatar.cc/150?u=g591
Kosal Yin,VIP,none,guest592@example.com,100081104,https://i.pravatar.cc/150?u=g592
Chanthou Heng,Press,vegan,guest593@example.com,100081241,https://i.pravatar.cc/150?u=g593
Sokha Keo,Guests,halal,guest594@example.com,100081378,https://i.pravatar.cc/150?u=g594
Bopha Nou,Organizing Committee,none,guest595@example.com,100081515,https://i.pravatar.cc/150?u=g595
Sothea Chan,Sponsors,none,guest596@example.com,100081652,https://i.pravatar.cc/150?u=g596
Nita Pen,Volunteers,gluten-free,guest597@example.com,100081789,https://i.pravatar.cc/150?u=g597
Chan Kim,Staff,vegetarian,guest598@example.com,100081926,https://i.pravatar.cc/150?u=g598
Ravy Tep,Speakers,none,guest599@example.com,100082063,https://i.pravatar.cc/150?u=g599
Vibol Prak,VIP,vegan,guest600@example.com,100082200,https://i.pravatar.cc/150?u=g600
Mony Vy,Press,halal,guest601@example.com,100082337,https://i.pravatar.cc/150?u=g601
Thida Chea,Guests,none,guest602@example.com,100082474,https://i.pravatar.cc/150?u=g602
Chenda Chhim,Organizing Committee,none,guest603@example.com,100082611,https://i.pravatar.cc/150?u=g603
Piseth Lim,Sponsors,gluten-free,guest604@example.com,100082748,https://i.pravatar.cc/150?u=g604
Narith Sok,Volunteers,vegetarian,guest605@example.com,100082885,https://i.pravatar.cc/150?u=g605
Rithy Ouk,Staff,none,guest606@example.com,100083022,https://i.pravatar.cc/150?u=g606
Theary Meas,Speakers,vegan,guest607@example.com,100083159,https://i.pravatar.cc/150?u=g607
Sreyleak Sam,VIP,halal,guest608@example.com,100083296,https://i.pravatar.cc/150?u=g608
Sophea Rin,Press,none,guest609@example.com,100083433,https://i.pravatar.cc/150?u=g609
Veasna Ung,Guests,none,guest610@example.com,100083570,https://i.pravatar.cc/150?u=g610
Dara Long,Organizing Committee,gluten-free,guest611@example.com,100083707,https://i.pravatar.cc/150?u=g611
Kosal Yin,Sponsors,vegetarian,guest612@example.com,100083844,https://i.pravatar.cc/150?u=g612
Chanthou Heng,Volunteers,none,guest613@example.com,100083981,https://i.pravatar.cc/150?u=g613
Sokha Keo,Staff,vegan,guest614@example.com,100084118,https://i.pravatar.cc/150?u=g614
Bopha Nou,Speakers,halal,guest615@example.com,100084255,https://i.pravatar.cc/150?u=g615
Sothea Chan,VIP,none,guest616@example.com,100084392,https://i.pravatar.cc/150?u=g616
Nita Pen,Press,none,guest617@example.com,100084529,https://i.pravatar.cc/150?u=g617
Chan Kim,Guests,gluten-free,guest618@example.com,100084666,https://i.pravatar.cc/150?u=g618
Ravy Tep,Organizing Committee,vegetarian,guest619@example.com,100084803,https://i.pravatar.cc/150?u=g619
Vibol Prak,Sponsors,none,guest620@example.com,100084940,https://i.pravatar.cc/150?u=g620
Mony Vy,Volunteers,vegan,guest621@example.com,100085077,https://i.pravatar.cc/150?u=g621
Thida Chea,Staff,halal,guest622@example.com,100085214,https://i.pravatar.cc/150?u=g622
Chenda Chhim,Speakers,none,guest623@example.com,100085351,https://i.pravatar.cc/150?u=g623
Piseth Lim,VIP,none,guest624@example.com,100085488,https://i.pravatar.cc/150?u=g624
Narith Sok,Press,gluten-free,guest625@example.com,100085625,https://i.pravatar.cc/150?u=g625
Rithy Ouk,Guests,vegetarian,guest626@example.com,100085762,https://i.pravatar.cc/150?u=g626
Theary Meas,Organizing Committee,none,guest627@example.com,100085899,https://i.pravatar.cc/150?u=g627
Sreyleak Sam,Sponsors,vegan,guest628@example.com,100086036,https://i.pravatar.cc/150?u=g628
Sophea Rin,Volunteers,halal,guest629@example.com,100086173,https://i.pravatar.cc/150?u=g629
Veasna Ung,Staff,none,guest630@example.com,100086310,https://i.pravatar.cc/150?u=g630
Dara Long,Speakers,none,guest631@example.com,100086447,https://i.pravatar.cc/150?u=g631
Kosal Yin,VIP,gluten-free,guest632@example.com,100086584,https://i.pravatar.cc/150?u=g632
Chanthou Heng,Press,vegetarian,guest633@example.com,100086721,https://i.pravatar.cc/150?u=g633
Sokha Keo,Guests,none,guest634@example.com,100086858,https://i.pravatar.cc/150?u=g634
Bopha Nou,Organizing Committee,vegan,guest635@example.com,100086995,https://i.pravatar.cc/150?u=g635
Sothea Chan,Sponsors,halal,guest636@example.com,100087132,https://i.pravatar.cc/150?u=g636
Nita Pen,Volunteers,none,guest637@example.com,100087269,https://i.pravatar.cc/150?u=g637
Chan Kim,Staff,none,guest638@example.com,100087406,https://i.pravatar.cc/150?u=g638
Ravy Tep,Speakers,gluten-free,guest639@example.com,100087543,https://i.pravatar.cc/150?u=g639
Vibol Prak,VIP,vegetarian,guest640@example.com,100087680,https://i.pravatar.cc/150?u=g640
Mony Vy,Press,none,guest641@example.com,100087817,https://i.pravatar.cc/150?u=g641
Thida Chea,Guests,vegan,guest642@example.com,100087954,https://i.pravatar.cc/150?u=g642
Chenda Chhim,Organizing Committee,halal,guest643@example.com,100088091,https://i.pravatar.cc/150?u=g643
Piseth Lim,Sponsors,none,guest644@example.com,100088228,https://i.pravatar.cc/150?u=g644
Narith Sok,Volunteers,none,guest645@example.com,100088365,https://i.pravatar.cc/150?u=g645
Rithy Ouk,Staff,gluten-free,guest646@example.com,100088502,https://i.pravatar.cc/150?u=g646
Theary Meas,Speakers,vegetarian,guest647@example.com,100088639,https://i.pravatar.cc/150?u=g647
Sreyleak Sam,VIP,none,guest648@example.com,100088776,https://i.pravatar.cc/150?u=g648
Sophea Rin,Press,vegan,guest649@example.com,100088913,https://i.pravatar.cc/150?u=g649
Veasna Ung,Guests,halal,guest650@example.com,100089050,https://i.pravatar.cc/150?u=g650
Dara Long,Organizing Committee,none,guest651@example.com,100089187,https://i.pravatar.cc/150?u=g651
Kosal Yin,Sponsors,none,guest652@example.com,100089324,https://i.pravatar.cc/150?u=g652
Chanthou Heng,Volunteers,gluten-free,guest653@example.com,100089461,https://i.pravatar.cc/150?u=g653
Sokha Keo,Staff,vegetarian,guest654@example.com,100089598,https://i.pravatar.cc/150?u=g654
Bopha Nou,Speakers,none,guest655@example.com,100089735,https://i.pravatar.cc/150?u=g655
Sothea Chan,VIP,vegan,guest656@example.com,100089872,https://i.pravatar.cc/150?u=g656
Nita Pen,Press,halal,guest657@example.com,100090009,https://i.pravatar.cc/150?u=g657
Chan Kim,Guests,none,guest658@example.com,100090146,https://i.pravatar.cc/150?u=g658
Ravy Tep,Organizing Committee,none,guest659@example.com,100090283,https://i.pravatar.cc/150?u=g659
Vibol Prak,Sponsors,gluten-free,guest660@example.com,100090420,https://i.pravatar.cc/150?u=g660
Mony Vy,Volunteers,vegetarian,guest661@example.com,100090557,https://i.pravatar.cc/150?u=g661
Thida Chea,Staff,none,guest662@example.com,100090694,https://i.pravatar.cc/150?u=g662
Chenda Chhim,Speakers,vegan,guest663@example.com,100090831,https://i.pravatar.cc/150?u=g663
Piseth Lim,VIP,halal,guest664@example.com,100090968,https://i.pravatar.cc/150?u=g664
Narith Sok,Press,none,guest665@example.com,100091105,https://i.pravatar.cc/150?u=g665
Rithy Ouk,Guests,none,guest666@example.com,100091242,https://i.pravatar.cc/150?u=g666
Theary Meas,Organizing Committee,gluten-free,guest667@example.com,100091379,https://i.pravatar.cc/150?u=g667
Sreyleak Sam,Sponsors,vegetarian,guest668@example.com,100091516,https://i.pravatar.cc/150?u=g668
Sophea Rin,Volunteers,none,guest669@example.com,100091653,https://i.pravatar.cc/150?u=g669
Veasna Ung,Staff,vegan,guest670@example.com,100091790,https://i.pravatar.cc/150?u=g670
Dara Long,Speakers,halal,guest671@example.com,100091927,https://i.pravatar.cc/150?u=g671
Kosal Yin,VIP,none,guest672@example.com,100092064,https://i.pravatar.cc/150?u=g672
Chanthou Heng,Press,none,guest673@example.com,100092201,https://i.pravatar.cc/150?u=g673
Sokha Keo,Guests,gluten-free,guest674@example.com,100092338,https://i.pravatar.cc/150?u=g674
Bopha Nou,Organizing Committee,vegetarian,guest675@example.com,100092475,https://i.pravatar.cc/150?u=g675
Sothea Chan,Sponsors,none,guest676@example.com,100092612,https://i.pravatar.cc/150?u=g676
Nita Pen,Volunteers,vegan,guest677@example.com,100092749,https://i.pravatar.cc/150?u=g677
Chan Kim,Staff,halal,guest678@example.com,100092886,https://i.pravatar.cc/150?u=g678
Ravy Tep,Speakers,none,guest679@example.com,100093023,https://i.pravatar.cc/150?u=g679
Vibol Prak,VIP,none,guest680@example.com,100093160,https://i.pravatar.cc/150?u=g680
Mony Vy,Press,gluten-free,guest681@example.com,100093297,https://i.pravatar.cc/150?u=g681
Thida Chea,Guests,vegetarian,guest682@example.com,100093434,https://i.pravatar.cc/150?u=g682
Chenda Chhim,Organizing Committee,none,guest683@example.com,100093571,https://i.pravatar.cc/150?u=g683
Piseth Lim,Sponsors,vegan,guest684@example.com,100093708,https://i.pravatar.cc/150?u=g684
Narith Sok,Volunteers,halal,guest685@example.com,100093845,https://i.pravatar.cc/150?u=g685
Rithy Ouk,Staff,none,guest686@example.com,100093982,https://i.pravatar.cc/150?u=g686
Theary Meas,Speakers,none,guest687@example.com,100094119,https://i.pravatar.cc/150?u=g687
Sreyleak Sam,VIP,gluten-free,guest688@example.com,100094256,https://i.pravatar.cc/150?u=g688
Sophea Rin,Press,vegetarian,guest689@example.com,100094393,https://i.pravatar.cc/150?u=g689
Veasna Ung,Guests,none,guest690@example.com,100094530,https://i.pravatar.cc/150?u=g690
Dara Long,Organizing Committee,vegan,guest691@example.com,100094667,https://i.pravatar.cc/150?u=g691
Kosal Yin,Sponsors,halal,guest692@example.com,100094804,https://i.pravatar.cc/150?u=g692
Chanthou Heng,Volunteers,none,guest693@example.com,100094941,https://i.pravatar.cc/150?u=g693
Sokha Keo,Staff,none,guest694@example.com,100095078,https://i.pravatar.cc/150?u=g694
Bopha Nou,Speakers,gluten-free,guest695@example.com,100095215,https://i.pravatar.cc/150?u=g695
Sothea Chan,VIP,vegetarian,guest696@example.com,100095352,https://i.pravatar.cc/150?u=g696
Nita Pen,Press,none,guest697@example.com,100095489,https://i.pravatar.cc/150?u=g697
Chan Kim,Guests,vegan,guest698@example.com,100095626,https://i.pravatar.cc/150?u=g698
Ravy Tep,Organizing Committee,halal,guest699@example.com,100095763,https://i.pravatar.cc/150?u=g699
Vibol Prak,Sponsors,none,guest700@example.com,100095900,https://i.pravatar.cc/150?u=g700
Mony Vy,Volunteers,none,guest701@example.com,100096037,https://i.pravatar.cc/150?u=g701
Thida Chea,Staff,gluten-free,guest702@example.com,100096174,https://i.pravatar.cc/150?u=g702
Chenda Chhim,Speakers,vegetarian,guest703@example.com,100096311,https://i.pravatar.cc/150?u=g703
Piseth Lim,VIP,none,guest704@example.com,100096448,https://i.pravatar.cc/150?u=g704
Narith Sok,Press,vegan,guest705@example.com,100096585,https://i.pravatar.cc/150?u=g705
Rithy Ouk,Guests,halal,guest706@example.com,100096722,https://i.pravatar.cc/150?u=g706
Theary Meas,Organizing Committee,none,guest707@example.com,100096859,https://i.pravatar.cc/150?u=g707
Sreyleak Sam,Sponsors,none,guest708@example.com,100096996,https://i.pravatar.cc/150?u=g708
Sophea Rin,Volunteers,gluten-free,guest709@example.com,100097133,https://i.pravatar.cc/150?u=g709
Veasna Ung,Staff,vegetarian,guest710@example.com,100097270,https://i.pravatar.cc/150?u=g710
Dara Long,Speakers,none,guest711@example.com,100097407,https://i.pravatar.cc/150?u=g711
Kosal Yin,VIP,vegan,guest712@example.com,100097544,https://i.pravatar.cc/150?u=g712
Chanthou Heng,Press,halal,guest713@example.com,100097681,https://i.pravatar.cc/150?u=g713
Sokha Keo,Guests,none,guest714@example.com,100097818,https://i.pravatar.cc/150?u=g714
Bopha Nou,Organizing Committee,none,guest715@example.com,100097955,https://i.pravatar.cc/150?u=g715
Sothea Chan,Sponsors,gluten-free,guest716@example.com,100098092,https://i.pravatar.cc/150?u=g716
Nita Pen,Volunteers,vegetarian,guest717@example.com,100098229,https://i.pravatar.cc/150?u=g717
Chan Kim,Staff,none,guest718@example.com,100098366,https://i.pravatar.cc/150?u=g718
Ravy Tep,Speakers,vegan,guest719@example.com,100098503,https://i.pravatar.cc/150?u=g719
Vibol Prak,VIP,halal,guest720@example.com,100098640,https://i.pravatar.cc/150?u=g720
Mony Vy,Press,none,guest721@example.com,100098777,https://i.pravatar.cc/150?u=g721
Thida Chea,Guests,none,guest722@example.com,100098914,https://i.pravatar.cc/150?u=g722
Chenda Chhim,Organizing Committee,gluten-free,guest723@example.com,100099051,https://i.pravatar.cc/150?u=g723
Piseth Lim,Sponsors,vegetarian,guest724@example.com,100099188,https://i.pravatar.cc/150?u=g724
Narith Sok,Volunteers,none,guest725@example.com,100099325,https://i.pravatar.cc/150?u=g725
Rithy Ouk,Staff,vegan,guest726@example.com,100099462,https://i.pravatar.cc/150?u=g726
Theary Meas,Speakers,halal,guest727@example.com,100099599,https://i.pravatar.cc/150?u=g727
Sreyleak Sam,VIP,none,guest728@example.com,100099736,https://i.pravatar.cc/150?u=g728
Sophea Rin,Press,none,guest729@example.com,100099873,https://i.pravatar.cc/150?u=g729
Veasna Ung,Guests,gluten-free,guest730@example.com,100100010,https://i.pravatar.cc/150?u=g730
Dara Long,Organizing Committee,vegetarian,guest731@example.com,100100147,https://i.pravatar.cc/150?u=g731
Kosal Yin,Sponsors,none,guest732@example.com,100100284,https://i.pravatar.cc/150?u=g732
Chanthou Heng,Volunteers,vegan,guest733@example.com,100100421,https://i.pravatar.cc/150?u=g733
Sokha Keo,Staff,halal,guest734@example.com,100100558,https://i.pravatar.cc/150?u=g734
Bopha Nou,Speakers,none,guest735@example.com,100100695,https://i.pravatar.cc/150?u=g735
Sothea Chan,VIP,none,guest736@example.com,100100832,https://i.pravatar.cc/150?u=g736
Nita Pen,Press,gluten-free,guest737@example.com,100100969,https://i.pravatar.cc/150?u=g737
Chan Kim,Guests,vegetarian,guest738@example.com,100101106,https://i.pravatar.cc/150?u=g738
Ravy Tep,Organizing Committee,none,guest739@example.com,100101243,https://i.pravatar.cc/150?u=g739
Vibol Prak,Sponsors,vegan,guest740@example.com,100101380,https://i.pravatar.cc/150?u=g740
Mony Vy,Volunteers,halal,guest741@example.com,100101517,https://i.pravatar.cc/150?u=g741
Thida Chea,Staff,none,guest742@example.com,100101654,https://i.pravatar.cc/150?u=g742
Chenda Chhim,Speakers,none,guest743@example.com,100101791,https://i.pravatar.cc/150?u=g743
Piseth Lim,VIP,gluten-free,guest744@example.com,100101928,https://i.pravatar.cc/150?u=g744
Narith Sok,Press,vegetarian,guest745@example.com,100102065,https://i.pravatar.cc/150?u=g745
Rithy Ouk,Guests,none,guest746@example.com,100102202,https://i.pravatar.cc/150?u=g746
Theary Meas,Organizing Committee,vegan,guest747@example.com,100102339,https://i.pravatar.cc/150?u=g747
Sreyleak Sam,Sponsors,halal,guest748@example.com,100102476,https://i.pravatar.cc/150?u=g748
Sophea Rin,Volunteers,none,guest749@example.com,100102613,https://i.pravatar.cc/150?u=g749
Veasna Ung,Staff,none,guest750@example.com,100102750,https://i.pravatar.cc/150?u=g750
Dara Long,Speakers,gluten-free,guest751@example.com,100102887,https://i.pravatar.cc/150?u=g751
Kosal Yin,VIP,vegetarian,guest752@example.com,100103024,https://i.pravatar.cc/150?u=g752
Chanthou Heng,Press,none,guest753@example.com,100103161,https://i.pravatar.cc/150?u=g753
Sokha Keo,Guests,vegan,guest754@example.com,100103298,https://i.pravatar.cc/150?u=g754
Bopha Nou,Organizing Committee,halal,guest755@example.com,100103435,https://i.pravatar.cc/150?u=g755
Sothea Chan,Sponsors,none,guest756@example.com,100103572,https://i.pravatar.cc/150?u=g756
Nita Pen,Volunteers,none,guest757@example.com,100103709,https://i.pravatar.cc/150?u=g757
Chan Kim,Staff,gluten-free,guest758@example.com,100103846,https://i.pravatar.cc/150?u=g758
Ravy Tep,Speakers,vegetarian,guest759@example.com,100103983,https://i.pravatar.cc/150?u=g759
Vibol Prak,VIP,none,guest760@example.com,100104120,https://i.pravatar.cc/150?u=g760
Mony Vy,Press,vegan,guest761@example.com,100104257,https://i.pravatar.cc/150?u=g761
Thida Chea,Guests,halal,guest762@example.com,100104394,https://i.pravatar.cc/150?u=g762
Chenda Chhim,Organizing Committee,none,guest763@example.com,100104531,https://i.pravatar.cc/150?u=g763
Piseth Lim,Sponsors,none,guest764@example.com,100104668,https://i.pravatar.cc/150?u=g764
Narith Sok,Volunteers,gluten-free,guest765@example.com,100104805,https://i.pravatar.cc/150?u=g765
Rithy Ouk,Staff,vegetarian,guest766@example.com,100104942,https://i.pravatar.cc/150?u=g766
Theary Meas,Speakers,none,guest767@example.com,100105079,https://i.pravatar.cc/150?u=g767
Sreyleak Sam,VIP,vegan,guest768@example.com,100105216,https://i.pravatar.cc/150?u=g768
Sophea Rin,Press,halal,guest769@example.com,100105353,https://i.pravatar.cc/150?u=g769
Veasna Ung,Guests,none,guest770@example.com,100105490,https://i.pravatar.cc/150?u=g770
Dara Long,Organizing Committee,none,guest771@example.com,100105627,https://i.pravatar.cc/150?u=g771
Kosal Yin,Sponsors,gluten-free,guest772@example.com,100105764,https://i.pravatar.cc/150?u=g772
Chanthou Heng,Volunteers,vegetarian,guest773@example.com,100105901,https://i.pravatar.cc/150?u=g773
Sokha Keo,Staff,none,guest774@example.com,100106038,https://i.pravatar.cc/150?u=g774
Bopha Nou,Speakers,vegan,guest775@example.com,100106175,https://i.pravatar.cc/150?u=g775
Sothea Chan,VIP,halal,guest776@example.com,100106312,https://i.pravatar.cc/150?u=g776
Nita Pen,Press,none,guest777@example.com,100106449,https://i.pravatar.cc/150?u=g777
Chan Kim,Guests,none,guest778@example.com,100106586,https://i.pravatar.cc/150?u=g778
Ravy Tep,Organizing Committee,gluten-free,guest779@example.com,100106723,https://i.pravatar.cc/150?u=g779
Vibol Prak,Sponsors,vegetarian,guest780@example.com,100106860,https://i.pravatar.cc/150?u=g780
Mony Vy,Volunteers,none,guest781@example.com,100106997,https://i.pravatar.cc/150?u=g781
Thida Chea,Staff,vegan,guest782@example.com,100107134,https://i.pravatar.cc/150?u=g782
Chenda Chhim,Speakers,halal,guest783@example.com,100107271,https://i.pravatar.cc/150?u=g783
Piseth Lim,VIP,none,guest784@example.com,100107408,https://i.pravatar.cc/150?u=g784
Narith Sok,Press,none,guest785@example.com,100107545,https://i.pravatar.cc/150?u=g785
Rithy Ouk,Guests,gluten-free,guest786@example.com,100107682,https://i.pravatar.cc/150?u=g786
Theary Meas,Organizing Committee,vegetarian,guest787@example.com,100107819,https://i.pravatar.cc/150?u=g787
Sreyleak Sam,Sponsors,none,guest788@example.com,100107956,https://i.pravatar.cc/150?u=g788
Sophea Rin,Volunteers,vegan,guest789@example.com,100108093,https://i.pravatar.cc/150?u=g789
Veasna Ung,Staff,halal,guest790@example.com,100108230,https://i.pravatar.cc/150?u=g790
Dara Long,Speakers,none,guest791@example.com,100108367,https://i.pravatar.cc/150?u=g791
Kosal Yin,VIP,none,guest792@example.com,100108504,https://i.pravatar.cc/150?u=g792
Chanthou Heng,Press,gluten-free,guest793@example.com,100108641,https://i.pravatar.cc/150?u=g793
Sokha Keo,Guests,vegetarian,guest794@example.com,100108778,https://i.pravatar.cc/150?u=g794
Bopha Nou,Organizing Committee,none,guest795@example.com,100108915,https://i.pravatar.cc/150?u=g795
Sothea Chan,Sponsors,vegan,guest796@example.com,100109052,https://i.pravatar.cc/150?u=g796
Nita Pen,Volunteers,halal,guest797@example.com,100109189,https://i.pravatar.cc/150?u=g797
Chan Kim,Staff,none,guest798@example.com,100109326,https://i.pravatar.cc/150?u=g798
Ravy Tep,Speakers,none,guest799@example.com,100109463,https://i.pravatar.cc/150?u=g799
Vibol Prak,VIP,gluten-free,guest800@example.com,100109600,https://i.pravatar.cc/150?u=g800
Mony Vy,Press,vegetarian,guest801@example.com,100109737,https://i.pravatar.cc/150?u=g801
Thida Chea,Guests,none,guest802@example.com,100109874,https://i.pravatar.cc/150?u=g802
Chenda Chhim,Organizing Committee,vegan,guest803@example.com,100110011,https://i.pravatar.cc/150?u=g803
Piseth Lim,Sponsors,halal,guest804@example.com,100110148,https://i.pravatar.cc/150?u=g804
Narith Sok,Volunteers,none,guest805@example.com,100110285,https://i.pravatar.cc/150?u=g805
Rithy Ouk,Staff,none,guest806@example.com,100110422,https://i.pravatar.cc/150?u=g806
Theary Meas,Speakers,gluten-free,guest807@example.com,100110559,https://i.pravatar.cc/150?u=g807
Sreyleak Sam,VIP,vegetarian,guest808@example.com,100110696,https://i.pravatar.cc/150?u=g808
Sophea Rin,Press,none,guest809@example.com,100110833,https://i.pravatar.cc/150?u=g809
Veasna Ung,Guests,vegan,guest810@example.com,100110970,https://i.pravatar.cc/150?u=g810
Dara Long,Organizing Committee,halal,guest811@example.com,100111107,https://i.pravatar.cc/150?u=g811
Kosal Yin,Sponsors,none,guest812@example.com,100111244,https://i.pravatar.cc/150?u=g812
Chanthou Heng,Volunteers,none,guest813@example.com,100111381,https://i.pravatar.cc/150?u=g813
Sokha Keo,Staff,gluten-free,guest814@example.com,100111518,https://i.pravatar.cc/150?u=g814
Bopha Nou,Speakers,vegetarian,guest815@example.com,100111655,https://i.pravatar.cc/150?u=g815
Sothea Chan,VIP,none,guest816@example.com,100111792,https://i.pravatar.cc/150?u=g816
Nita Pen,Press,vegan,guest817@example.com,100111929,https://i.pravatar.cc/150?u=g817
Chan Kim,Guests,halal,guest818@example.com,100112066,https://i.pravatar.cc/150?u=g818
Ravy Tep,Organizing Committee,none,guest819@example.com,100112203,https://i.pravatar.cc/150?u=g819
Vibol Prak,Sponsors,none,guest820@example.com,100112340,https://i.pravatar.cc/150?u=g820
Mony Vy,Volunteers,gluten-free,guest821@example.com,100112477,https://i.pravatar.cc/150?u=g821
Thida Chea,Staff,vegetarian,guest822@example.com,100112614,https://i.pravatar.cc/150?u=g822
Chenda Chhim,Speakers,none,guest823@example.com,100112751,https://i.pravatar.cc/150?u=g823
Piseth Lim,VIP,vegan,guest824@example.com,100112888,https://i.pravatar.cc/150?u=g824
Narith Sok,Press,halal,guest825@example.com,100113025,https://i.pravatar.cc/150?u=g825
Rithy Ouk,Guests,none,guest826@example.com,100113162,https://i.pravatar.cc/150?u=g826
Theary Meas,Organizing Committee,none,guest827@example.com,100113299,https://i.pravatar.cc/150?u=g827
Sreyleak Sam,Sponsors,gluten-free,guest828@example.com,100113436,https://i.pravatar.cc/150?u=g828
Sophea Rin,Volunteers,vegetarian,guest829@example.com,100113573,https://i.pravatar.cc/150?u=g829
Veasna Ung,Staff,none,guest830@example.com,100113710,https://i.pravatar.cc/150?u=g830
Dara Long,Speakers,vegan,guest831@example.com,100113847,https://i.pravatar.cc/150?u=g831
Kosal Yin,VIP,halal,guest832@example.com,100113984,https://i.pravatar.cc/150?u=g832
Chanthou Heng,Press,none,guest833@example.com,100114121,https://i.pravatar.cc/150?u=g833
Sokha Keo,Guests,none,guest834@example.com,100114258,https://i.pravatar.cc/150?u=g834
Bopha Nou,Organizing Committee,gluten-free,guest835@example.com,100114395,https://i.pravatar.cc/150?u=g835
Sothea Chan,Sponsors,vegetarian,guest836@example.com,100114532,https://i.pravatar.cc/150?u=g836
Nita Pen,Volunteers,none,guest837@example.com,100114669,https://i.pravatar.cc/150?u=g837
Chan Kim,Staff,vegan,guest838@example.com,100114806,https://i.pravatar.cc/150?u=g838
Ravy Tep,Speakers,halal,guest839@example.com,100114943,https://i.pravatar.cc/150?u=g839
Vibol Prak,VIP,none,guest840@example.com,100115080,https://i.pravatar.cc/150?u=g840
Mony Vy,Press,none,guest841@example.com,100115217,https://i.pravatar.cc/150?u=g841
Thida Chea,Guests,gluten-free,guest842@example.com,100115354,https://i.pravatar.cc/150?u=g842
Chenda Chhim,Organizing Committee,vegetarian,guest843@example.com,100115491,https://i.pravatar.cc/150?u=g843
Piseth Lim,Sponsors,none,guest844@example.com,100115628,https://i.pravatar.cc/150?u=g844
Narith Sok,Volunteers,vegan,guest845@example.com,100115765,https://i.pravatar.cc/150?u=g845
Rithy Ouk,Staff,halal,guest846@example.com,100115902,https://i.pravatar.cc/150?u=g846
Theary Meas,Speakers,none,guest847@example.com,100116039,https://i.pravatar.cc/150?u=g847
Sreyleak Sam,VIP,none,guest848@example.com,100116176,https://i.pravatar.cc/150?u=g848
Sophea Rin,Press,gluten-free,guest849@example.com,100116313,https://i.pravatar.cc/150?u=g849
Veasna Ung,Guests,vegetarian,guest850@example.com,100116450,https://i.pravatar.cc/150?u=g850
Dara Long,Organizing Committee,none,guest851@example.com,100116587,https://i.pravatar.cc/150?u=g851
Kosal Yin,Sponsors,vegan,guest852@example.com,100116724,https://i.pravatar.cc/150?u=g852
Chanthou Heng,Volunteers,halal,guest853@example.com,100116861,https://i.pravatar.cc/150?u=g853
Sokha Keo,Staff,none,guest854@example.com,100116998,https://i.pravatar.cc/150?u=g854
Bopha Nou,Speakers,none,guest855@example.com,100117135,https://i.pravatar.cc/150?u=g855
Sothea Chan,VIP,gluten-free,guest856@example.com,100117272,https://i.pravatar.cc/150?u=g856
Nita Pen,Press,vegetarian,guest857@example.com,100117409,https://i.pravatar.cc/150?u=g857
Chan Kim,Guests,none,guest858@example.com,100117546,https://i.pravatar.cc/150?u=g858
Ravy Tep,Organizing Committee,vegan,guest859@example.com,100117683,https://i.pravatar.cc/150?u=g859
Vibol Prak,Sponsors,halal,guest860@example.com,100117820,https://i.pravatar.cc/150?u=g860
Mony Vy,Volunteers,none,guest861@example.com,100117957,https://i.pravatar.cc/150?u=g861
Thida Chea,Staff,none,guest862@example.com,100118094,https://i.pravatar.cc/150?u=g862
Chenda Chhim,Speakers,gluten-free,guest863@example.com,100118231,https://i.pravatar.cc/150?u=g863
Piseth Lim,VIP,vegetarian,guest864@example.com,100118368,https://i.pravatar.cc/150?u=g864
Narith Sok,Press,none,guest865@example.com,100118505,https://i.pravatar.cc/150?u=g865
Rithy Ouk,Guests,vegan,guest866@example.com,100118642,https://i.pravatar.cc/150?u=g866
Theary Meas,Organizing Committee,halal,guest867@example.com,100118779,https://i.pravatar.cc/150?u=g867
Sreyleak Sam,Sponsors,none,guest868@example.com,100118916,https://i.pravatar.cc/150?u=g868
Sophea Rin,Volunteers,none,guest869@example.com,100119053,https://i.pravatar.cc/150?u=g869
Veasna Ung,Staff,gluten-free,guest870@example.com,100119190,https://i.pravatar.cc/150?u=g870
Dara Long,Speakers,vegetarian,guest871@example.com,100119327,https://i.pravatar.cc/150?u=g871
Kosal Yin,VIP,none,guest872@example.com,100119464,https://i.pravatar.cc/150?u=g872
Chanthou Heng,Press,vegan,guest873@example.com,100119601,https://i.pravatar.cc/150?u=g873
Sokha Keo,Guests,halal,guest874@example.com,100119738,https://i.pravatar.cc/150?u=g874
Bopha Nou,Organizing Committee,none,guest875@example.com,100119875,https://i.pravatar.cc/150?u=g875
Sothea Chan,Sponsors,none,guest876@example.com,100120012,https://i.pravatar.cc/150?u=g876
Nita Pen,Volunteers,gluten-free,guest877@example.com,100120149,https://i.pravatar.cc/150?u=g877
Chan Kim,Staff,vegetarian,guest878@example.com,100120286,https://i.pravatar.cc/150?u=g878
Ravy Tep,Speakers,none,guest879@example.com,100120423,https://i.pravatar.cc/150?u=g879
Vibol Prak,VIP,vegan,guest880@example.com,100120560,https://i.pravatar.cc/150?u=g880
Mony Vy,Press,halal,guest881@example.com,100120697,https://i.pravatar.cc/150?u=g881
Thida Chea,Guests,none,guest882@example.com,100120834,https://i.pravatar.cc/150?u=g882
Chenda Chhim,Organizing Committee,none,guest883@example.com,100120971,https://i.pravatar.cc/150?u=g883
Piseth Lim,Sponsors,gluten-free,guest884@example.com,100121108,https://i.pravatar.cc/150?u=g884
Narith Sok,Volunteers,vegetarian,guest885@example.com,100121245,https://i.pravatar.cc/150?u=g885
Rithy Ouk,Staff,none,guest886@example.com,100121382,https://i.pravatar.cc/150?u=g886
Theary Meas,Speakers,vegan,guest887@example.com,100121519,https://i.pravatar.cc/150?u=g887
Sreyleak Sam,VIP,halal,guest888@example.com,100121656,https://i.pravatar.cc/150?u=g888
Sophea Rin,Press,none,guest889@example.com,100121793,https://i.pravatar.cc/150?u=g889
Veasna Ung,Guests,none,guest890@example.com,100121930,https://i.pravatar.cc/150?u=g890
Dara Long,Organizing Committee,gluten-free,guest891@example.com,100122067,https://i.pravatar.cc/150?u=g891
Kosal Yin,Sponsors,vegetarian,guest892@example.com,100122204,https://i.pravatar.cc/150?u=g892
Chanthou Heng,Volunteers,none,guest893@example.com,100122341,https://i.pravatar.cc/150?u=g893
Sokha Keo,Staff,vegan,guest894@example.com,100122478,https://i.pravatar.cc/150?u=g894
Bopha Nou,Speakers,halal,guest895@example.com,100122615,https://i.pravatar.cc/150?u=g895
Sothea Chan,VIP,none,guest896@example.com,100122752,https://i.pravatar.cc/150?u=g896
Nita Pen,Press,none,guest897@example.com,100122889,https://i.pravatar.cc/150?u=g897
Chan Kim,Guests,gluten-free,guest898@example.com,100123026,https://i.pravatar.cc/150?u=g898
Ravy Tep,Organizing Committee,vegetarian,guest899@example.com,100123163,https://i.pravatar.cc/150?u=g899
Vibol Prak,Sponsors,none,guest900@example.com,100123300,https://i.pravatar.cc/150?u=g900
Mony Vy,Volunteers,vegan,guest901@example.com,100123437,https://i.pravatar.cc/150?u=g901
Thida Chea,Staff,halal,guest902@example.com,100123574,https://i.pravatar.cc/150?u=g902
Chenda Chhim,Speakers,none,guest903@example.com,100123711,https://i.pravatar.cc/150?u=g903
Piseth Lim,VIP,none,guest904@example.com,100123848,https://i.pravatar.cc/150?u=g904
Narith Sok,Press,gluten-free,guest905@example.com,100123985,https://i.pravatar.cc/150?u=g905
Rithy Ouk,Guests,vegetarian,guest906@example.com,100124122,https://i.pravatar.cc/150?u=g906
Theary Meas,Organizing Committee,none,guest907@example.com,100124259,https://i.pravatar.cc/150?u=g907
Sreyleak Sam,Sponsors,vegan,guest908@example.com,100124396,https://i.pravatar.cc/150?u=g908
Sophea Rin,Volunteers,halal,guest909@example.com,100124533,https://i.pravatar.cc/150?u=g909
Veasna Ung,Staff,none,guest910@example.com,100124670,https://i.pravatar.cc/150?u=g910
Dara Long,Speakers,none,guest911@example.com,100124807,https://i.pravatar.cc/150?u=g911
Kosal Yin,VIP,gluten-free,guest912@example.com,100124944,https://i.pravatar.cc/150?u=g912
Chanthou Heng,Press,vegetarian,guest913@example.com,100125081,https://i.pravatar.cc/150?u=g913
Sokha Keo,Guests,none,guest914@example.com,100125218,https://i.pravatar.cc/150?u=g914
Bopha Nou,Organizing Committee,vegan,guest915@example.com,100125355,https://i.pravatar.cc/150?u=g915
Sothea Chan,Sponsors,halal,guest916@example.com,100125492,https://i.pravatar.cc/150?u=g916
Nita Pen,Volunteers,none,guest917@example.com,100125629,https://i.pravatar.cc/150?u=g917
Chan Kim,Staff,none,guest918@example.com,100125766,https://i.pravatar.cc/150?u=g918
Ravy Tep,Speakers,gluten-free,guest919@example.com,100125903,https://i.pravatar.cc/150?u=g919
Vibol Prak,VIP,vegetarian,guest920@example.com,100126040,https://i.pravatar.cc/150?u=g920
Mony Vy,Press,none,guest921@example.com,100126177,https://i.pravatar.cc/150?u=g921
Thida Chea,Guests,vegan,guest922@example.com,100126314,https://i.pravatar.cc/150?u=g922
Chenda Chhim,Organizing Committee,halal,guest923@example.com,100126451,https://i.pravatar.cc/150?u=g923
Piseth Lim,Sponsors,none,guest924@example.com,100126588,https://i.pravatar.cc/150?u=g924
Narith Sok,Volunteers,none,guest925@example.com,100126725,https://i.pravatar.cc/150?u=g925
Rithy Ouk,Staff,gluten-free,guest926@example.com,100126862,https://i.pravatar.cc/150?u=g926
Theary Meas,Speakers,vegetarian,guest927@example.com,100126999,https://i.pravatar.cc/150?u=g927
Sreyleak Sam,VIP,none,guest928@example.com,100127136,https://i.pravatar.cc/150?u=g928
Sophea Rin,Press,vegan,guest929@example.com,100127273,https://i.pravatar.cc/150?u=g929
Veasna Ung,Guests,halal,guest930@example.com,100127410,https://i.pravatar.cc/150?u=g930
Dara Long,Organizing Committee,none,guest931@example.com,100127547,https://i.pravatar.cc/150?u=g931
Kosal Yin,Sponsors,none,guest932@example.com,100127684,https://i.pravatar.cc/150?u=g932
Chanthou Heng,Volunteers,gluten-free,guest933@example.com,100127821,https://i.pravatar.cc/150?u=g933
Sokha Keo,Staff,vegetarian,guest934@example.com,100127958,https://i.pravatar.cc/150?u=g934
Bopha Nou,Speakers,none,guest935@example.com,100128095,https://i.pravatar.cc/150?u=g935
Sothea Chan,VIP,vegan,guest936@example.com,100128232,https://i.pravatar.cc/150?u=g936
Nita Pen,Press,halal,guest937@example.com,100128369,https://i.pravatar.cc/150?u=g937
Chan Kim,Guests,none,guest938@example.com,100128506,https://i.pravatar.cc/150?u=g938
Ravy Tep,Organizing Committee,none,guest939@example.com,100128643,https://i.pravatar.cc/150?u=g939
Vibol Prak,Sponsors,gluten-free,guest940@example.com,100128780,https://i.pravatar.cc/150?u=g940
Mony Vy,Volunteers,vegetarian,guest941@example.com,100128917,https://i.pravatar.cc/150?u=g941
Thida Chea,Staff,none,guest942@example.com,100129054,https://i.pravatar.cc/150?u=g942
Chenda Chhim,Speakers,vegan,guest943@example.com,100129191,https://i.pravatar.cc/150?u=g943
Piseth Lim,VIP,halal,guest944@example.com,100129328,https://i.pravatar.cc/150?u=g944
Narith Sok,Press,none,guest945@example.com,100129465,https://i.pravatar.cc/150?u=g945
Rithy Ouk,Guests,none,guest946@example.com,100129602,https://i.pravatar.cc/150?u=g946
Theary Meas,Organizing Committee,gluten-free,guest947@example.com,100129739,https://i.pravatar.cc/150?u=g947
Sreyleak Sam,Sponsors,vegetarian,guest948@example.com,100129876,https://i.pravatar.cc/150?u=g948
Sophea Rin,Volunteers,none,guest949@example.com,100130013,https://i.pravatar.cc/150?u=g949
Veasna Ung,Staff,vegan,guest950@example.com,100130150,https://i.pravatar.cc/150?u=g950
Dara Long,Speakers,halal,guest951@example.com,100130287,https://i.pravatar.cc/150?u=g951
Kosal Yin,VIP,none,guest952@example.com,100130424,https://i.pravatar.cc/150?u=g952
Chanthou Heng,Press,none,guest953@example.com,100130561,https://i.pravatar.cc/150?u=g953
Sokha Keo,Guests,gluten-free,guest954@example.com,100130698,https://i.pravatar.cc/150?u=g954
Bopha Nou,Organizing Committee,vegetarian,guest955@example.com,100130835,https://i.pravatar.cc/150?u=g955
Sothea Chan,Sponsors,none,guest956@example.com,100130972,https://i.pravatar.cc/150?u=g956
Nita Pen,Volunteers,vegan,guest957@example.com,100131109,https://i.pravatar.cc/150?u=g957
Chan Kim,Staff,halal,guest958@example.com,100131246,https://i.pravatar.cc/150?u=g958
Ravy Tep,Speakers,none,guest959@example.com,100131383,https://i.pravatar.cc/150?u=g959
Vibol Prak,VIP,none,guest960@example.com,100131520,https://i.pravatar.cc/150?u=g960
Mony Vy,Press,gluten-free,guest961@example.com,100131657,https://i.pravatar.cc/150?u=g961
Thida Chea,Guests,vegetarian,guest962@example.com,100131794,https://i.pravatar.cc/150?u=g962
Chenda Chhim,Organizing Committee,none,guest963@example.com,100131931,https://i.pravatar.cc/150?u=g963
Piseth Lim,Sponsors,vegan,guest964@example.com,100132068,https://i.pravatar.cc/150?u=g964
Narith Sok,Volunteers,halal,guest965@example.com,100132205,https://i.pravatar.cc/150?u=g965
Rithy Ouk,Staff,none,guest966@example.com,100132342,https://i.pravatar.cc/150?u=g966
Theary Meas,Speakers,none,guest967@example.com,100132479,https://i.pravatar.cc/150?u=g967
Sreyleak Sam,VIP,gluten-free,guest968@example.com,100132616,https://i.pravatar.cc/150?u=g968
Sophea Rin,Press,vegetarian,guest969@example.com,100132753,https://i.pravatar.cc/150?u=g969
Veasna Ung,Guests,none,guest970@example.com,100132890,https://i.pravatar.cc/150?u=g970
Dara Long,Organizing Committee,vegan,guest971@example.com,100133027,https://i.pravatar.cc/150?u=g971
Kosal Yin,Sponsors,halal,guest972@example.com,100133164,https://i.pravatar.cc/150?u=g972
Chanthou Heng,Volunteers,none,guest973@example.com,100133301,https://i.pravatar.cc/150?u=g973
Sokha Keo,Staff,none,guest974@example.com,100133438,https://i.pravatar.cc/150?u=g974
Bopha Nou,Speakers,gluten-free,guest975@example.com,100133575,https://i.pravatar.cc/150?u=g975
Sothea Chan,VIP,vegetarian,guest976@example.com,100133712,https://i.pravatar.cc/150?u=g976
Nita Pen,Press,none,guest977@example.com,100133849,https://i.pravatar.cc/150?u=g977
Chan Kim,Guests,vegan,guest978@example.com,100133986,https://i.pravatar.cc/150?u=g978
Ravy Tep,Organizing Committee,halal,guest979@example.com,100134123,https://i.pravatar.cc/150?u=g979
Vibol Prak,Sponsors,none,guest980@example.com,100134260,https://i.pravatar.cc/150?u=g980
Mony Vy,Volunteers,none,guest981@example.com,100134397,https://i.pravatar.cc/150?u=g981
Thida Chea,Staff,gluten-free,guest982@example.com,100134534,https://i.pravatar.cc/150?u=g982
Chenda Chhim,Speakers,vegetarian,guest983@example.com,100134671,https://i.pravatar.cc/150?u=g983
Piseth Lim,VIP,none,guest984@example.com,100134808,https://i.pravatar.cc/150?u=g984
Narith Sok,Press,vegan,guest985@example.com,100134945,https://i.pravatar.cc/150?u=g985
Rithy Ouk,Guests,halal,guest986@example.com,100135082,https://i.pravatar.cc/150?u=g986
Theary Meas,Organizing Committee,none,guest987@example.com,100135219,https://i.pravatar.cc/150?u=g987
Sreyleak Sam,Sponsors,none,guest988@example.com,100135356,https://i.pravatar.cc/150?u=g988
Sophea Rin,Volunteers,gluten-free,guest989@example.com,100135493,https://i.pravatar.cc/150?u=g989
Veasna Ung,Staff,vegetarian,guest990@example.com,100135630,https://i.pravatar.cc/150?u=g990
Dara Long,Speakers,none,guest991@example.com,100135767,https://i.pravatar.cc/150?u=g991
Kosal Yin,VIP,vegan,guest992@example.com,100135904,https://i.pravatar.cc/150?u=g992
Chanthou Heng,Press,halal,guest993@example.com,100136041,https://i.pravatar.cc/150?u=g993
Sokha Keo,Guests,none,guest994@example.com,100136178,https://i.pravatar.cc/150?u=g994
Bopha Nou,Organizing Committee,none,guest995@example.com,100136315,https://i.pravatar.cc/150?u=g995
Sothea Chan,Sponsors,gluten-free,guest996@example.com,100136452,https://i.pravatar.cc/150?u=g996
Nita Pen,Volunteers,vegetarian,guest997@example.com,100136589,https://i.pravatar.cc/150?u=g997
Chan Kim,Staff,none,guest998@example.com,100136726,https://i.pravatar.cc/150?u=g998
Ravy Tep,Speakers,vegan,guest999@example.com,100136863,https://i.pravatar.cc/150?u=g999
Vibol Prak,VIP,halal,guest1000@example.com,100137000,https://i.pravatar.cc/150?u=g1000
